priority_rank,booking_id,hotel,arrival_date,total_nights,days_in_waiting_list,adr,risk_prob,risk_level,estimated_revenue,expected_realised_revenue
1,35646,Resort Hotel,2017-04-20,9,14,131.0,0.0021,Low,1179.0,1176.52
2,35647,Resort Hotel,2017-04-20,9,14,131.0,0.0307,Low,1179.0,1142.8
3,26078,Resort Hotel,2017-07-09,9,11,104.85,0.0002,Low,943.65,943.46
4,35678,Resort Hotel,2017-04-22,7,5,116.0,0.0094,Low,812.0,804.37
5,99119,City Hotel,2016-10-04,6,162,123.33,0.0024,Low,739.98,738.2
6,99129,City Hotel,2016-10-04,6,162,123.33,0.0024,Low,739.98,738.2
7,99130,City Hotel,2016-10-04,6,162,123.33,0.0024,Low,739.98,738.2
8,99136,City Hotel,2016-10-04,6,162,123.33,0.0024,Low,739.98,738.2
9,99138,City Hotel,2016-10-04,6,162,123.33,0.0024,Low,739.98,738.2
10,3681,Resort Hotel,2015-12-30,4,122,192.25,0.0428,Low,769.0,736.09
11,35686,Resort Hotel,2017-04-22,7,14,105.71,0.0061,Low,739.9699999999999,735.46
12,34454,Resort Hotel,2017-03-01,25,37,41.52,0.3,Medium,1038.0,726.6
13,54525,City Hotel,2016-07-18,11,1,139.34,0.5286,High,1532.74,722.53
14,54523,City Hotel,2016-07-18,11,1,139.34,0.5557,High,1532.74,681.0
15,43711,City Hotel,2015-09-23,3,33,224.67,0.0118,Low,674.01,666.06
16,43712,City Hotel,2015-09-23,3,33,224.67,0.0118,Low,674.01,666.06
17,43713,City Hotel,2015-09-23,3,33,224.67,0.0118,Low,674.01,666.06
18,43716,City Hotel,2015-09-23,3,33,224.67,0.0118,Low,674.01,666.06
19,43719,City Hotel,2015-09-23,3,33,224.67,0.0118,Low,674.01,666.06
20,43720,City Hotel,2015-09-23,3,33,224.67,0.0118,Low,674.01,666.06
21,43721,City Hotel,2015-09-23,3,33,224.67,0.0118,Low,674.01,666.06
22,43724,City Hotel,2015-09-23,3,33,224.67,0.0118,Low,674.01,666.06
23,43725,City Hotel,2015-09-23,3,33,224.67,0.0118,Low,674.01,666.06
24,43727,City Hotel,2015-09-23,3,33,224.67,0.0118,Low,674.01,666.06
25,43728,City Hotel,2015-09-23,3,33,224.67,0.0118,Low,674.01,666.06
26,43729,City Hotel,2015-09-23,3,33,224.67,0.0118,Low,674.01,666.06
27,43730,City Hotel,2015-09-23,3,33,224.67,0.0118,Low,674.01,666.06
28,43732,City Hotel,2015-09-23,3,33,224.67,0.0118,Low,674.01,666.06
29,43734,City Hotel,2015-09-23,3,33,224.67,0.0118,Low,674.01,666.06
30,43735,City Hotel,2015-09-23,3,33,224.67,0.0118,Low,674.01,666.06
31,43737,City Hotel,2015-09-23,3,33,224.67,0.0118,Low,674.01,666.06
32,43739,City Hotel,2015-09-23,3,33,224.67,0.0118,Low,674.01,666.06
33,31571,Resort Hotel,2016-12-30,2,1,367.0,0.1073,Low,734.0,655.24
34,34152,Resort Hotel,2017-03-05,10,6,64.28,0.0105,Low,642.8,636.05
35,107794,City Hotel,2017-03-11,8,1,80.0,0.007,Low,640.0,635.52
36,34158,Resort Hotel,2017-03-05,10,6,62.28,0.011,Low,622.8,615.95
37,104797,City Hotel,2017-01-15,8,25,75.0,0.0067,Low,600.0,595.98
38,104804,City Hotel,2017-01-15,8,25,75.0,0.0067,Low,600.0,595.98
39,109313,City Hotel,2017-04-02,7,63,85.0,0.0005,Low,595.0,594.7
40,99122,City Hotel,2016-10-04,6,162,96.67,0.0014,Low,580.02,579.21
41,99133,City Hotel,2016-10-04,6,162,96.67,0.0014,Low,580.02,579.21
42,99141,City Hotel,2016-10-04,6,162,96.67,0.0014,Low,580.02,579.21
43,99149,City Hotel,2016-10-04,6,162,96.67,0.0014,Low,580.02,579.21
44,50913,City Hotel,2016-05-11,4,176,143.5,0.0004,Low,574.0,573.77
45,50921,City Hotel,2016-05-11,4,176,143.5,0.0004,Low,574.0,573.77
46,49892,City Hotel,2016-04-20,4,176,143.5,0.0021,Low,574.0,572.79
47,36261,Resort Hotel,2017-05-08,7,61,81.43,0.0063,Low,570.01,566.42
48,35707,Resort Hotel,2017-04-23,7,64,80.94,0.0065,Low,566.5799999999999,562.9
49,8802,Resort Hotel,2016-10-14,7,125,80.81,0.0058,Low,565.6700000000001,562.39
50,46107,City Hotel,2015-12-09,4,69,139.5,0.0001,Low,558.0,557.94
51,35612,Resort Hotel,2017-04-23,6,154,93.0,0.0034,Low,558.0,556.1
52,8788,Resort Hotel,2016-10-14,7,125,80.81,0.023,Low,565.6700000000001,552.66
53,8789,Resort Hotel,2016-10-14,7,125,80.81,0.023,Low,565.6700000000001,552.66
54,8790,Resort Hotel,2016-10-14,7,125,80.81,0.023,Low,565.6700000000001,552.66
55,8792,Resort Hotel,2016-10-14,7,125,80.81,0.023,Low,565.6700000000001,552.66
56,8794,Resort Hotel,2016-10-14,7,125,80.81,0.023,Low,565.6700000000001,552.66
57,8798,Resort Hotel,2016-10-14,7,125,80.81,0.023,Low,565.6700000000001,552.66
58,109299,City Hotel,2017-04-04,5,7,110.0,0.0027,Low,550.0,548.52
59,35693,Resort Hotel,2017-04-23,7,64,78.94,0.018,Low,552.5799999999999,542.63
60,35703,Resort Hotel,2017-04-23,7,64,78.94,0.018,Low,552.5799999999999,542.63
61,8724,Resort Hotel,2016-10-11,7,150,80.81,0.0463,Low,565.6700000000001,539.48
62,8728,Resort Hotel,2016-10-11,7,150,80.81,0.0463,Low,565.6700000000001,539.48
63,28990,Resort Hotel,2016-10-11,7,150,80.81,0.0463,Low,565.6700000000001,539.48
64,99116,City Hotel,2016-10-04,6,162,90.0,0.0028,Low,540.0,538.49
65,99132,City Hotel,2016-10-04,6,162,90.0,0.0028,Low,540.0,538.49
66,99134,City Hotel,2016-10-04,6,162,90.0,0.0028,Low,540.0,538.49
67,31568,Resort Hotel,2016-12-30,2,97,325.0,0.1771,Low,650.0,534.88
68,19763,Resort Hotel,2016-10-01,5,1,108.4,0.0186,Low,542.0,531.92
69,43731,City Hotel,2015-09-23,3,33,177.33,0.0017,Low,531.99,531.09
70,3677,Resort Hotel,2015-12-30,4,122,138.5,0.0487,Low,554.0,527.02
71,28989,Resort Hotel,2016-10-11,7,150,78.81,0.0537,Low,551.6700000000001,522.05
72,28992,Resort Hotel,2016-10-11,7,150,78.81,0.0537,Low,551.6700000000001,522.05
73,31564,Resort Hotel,2016-12-30,2,1,295.0,0.1204,Low,590.0,518.96
74,35661,Resort Hotel,2017-04-22,7,14,74.0,0.0046,Low,518.0,515.62
75,105535,City Hotel,2017-02-04,7,14,75.0,0.0246,Low,525.0,512.08
76,3704,Resort Hotel,2015-12-30,4,122,136.5,0.0705,Low,546.0,507.51
77,31577,Resort Hotel,2016-12-30,2,97,305.0,0.1685,Low,610.0,507.22
78,32518,Resort Hotel,2017-01-22,7,4,72.0,0.0106,Low,504.0,498.66
79,8797,Resort Hotel,2016-10-14,7,125,71.36,0.0079,Low,499.52,495.57
80,8786,Resort Hotel,2016-10-14,7,125,71.56,0.0121,Low,500.92,494.86
81,8787,Resort Hotel,2016-10-14,7,125,71.56,0.0121,Low,500.92,494.86
82,8795,Resort Hotel,2016-10-14,7,125,71.56,0.0121,Low,500.92,494.86
83,8799,Resort Hotel,2016-10-14,7,125,71.56,0.0121,Low,500.92,494.86
84,110155,City Hotel,2017-04-19,4,22,124.0,0.0041,Low,496.0,493.97
85,3649,Resort Hotel,2015-12-30,4,122,136.5,0.1028,Low,546.0,489.87
86,3650,Resort Hotel,2015-12-30,4,122,136.5,0.1028,Low,546.0,489.87
87,3651,Resort Hotel,2015-12-30,4,122,136.5,0.1028,Low,546.0,489.87
88,3652,Resort Hotel,2015-12-30,4,122,136.5,0.1028,Low,546.0,489.87
89,3654,Resort Hotel,2015-12-30,4,122,136.5,0.1028,Low,546.0,489.87
90,3655,Resort Hotel,2015-12-30,4,122,136.5,0.1028,Low,546.0,489.87
91,3659,Resort Hotel,2015-12-30,4,122,136.5,0.1028,Low,546.0,489.87
92,3660,Resort Hotel,2015-12-30,4,122,136.5,0.1028,Low,546.0,489.87
93,3661,Resort Hotel,2015-12-30,4,122,136.5,0.1028,Low,546.0,489.87
94,3662,Resort Hotel,2015-12-30,4,122,136.5,0.1028,Low,546.0,489.87
95,3663,Resort Hotel,2015-12-30,4,122,136.5,0.1028,Low,546.0,489.87
96,3664,Resort Hotel,2015-12-30,4,122,136.5,0.1028,Low,546.0,489.87
97,3666,Resort Hotel,2015-12-30,4,122,136.5,0.1028,Low,546.0,489.87
98,3667,Resort Hotel,2015-12-30,4,122,136.5,0.1028,Low,546.0,489.87
99,3669,Resort Hotel,2015-12-30,4,122,136.5,0.1028,Low,546.0,489.87
100,3670,Resort Hotel,2015-12-30,4,122,136.5,0.1028,Low,546.0,489.87
101,3671,Resort Hotel,2015-12-30,4,122,136.5,0.1028,Low,546.0,489.87
102,3673,Resort Hotel,2015-12-30,4,122,136.5,0.1028,Low,546.0,489.87
103,3678,Resort Hotel,2015-12-30,4,122,136.5,0.1028,Low,546.0,489.87
104,3679,Resort Hotel,2015-12-30,4,122,136.5,0.1028,Low,546.0,489.87
105,3680,Resort Hotel,2015-12-30,4,122,136.5,0.1028,Low,546.0,489.87
106,3682,Resort Hotel,2015-12-30,4,122,136.5,0.1028,Low,546.0,489.87
107,3688,Resort Hotel,2015-12-30,4,122,136.5,0.1028,Low,546.0,489.87
108,3689,Resort Hotel,2015-12-30,4,122,136.5,0.1028,Low,546.0,489.87
109,3690,Resort Hotel,2015-12-30,4,122,136.5,0.1028,Low,546.0,489.87
110,3691,Resort Hotel,2015-12-30,4,122,136.5,0.1028,Low,546.0,489.87
111,3692,Resort Hotel,2015-12-30,4,122,136.5,0.1028,Low,546.0,489.87
112,3694,Resort Hotel,2015-12-30,4,122,136.5,0.1028,Low,546.0,489.87
113,3695,Resort Hotel,2015-12-30,4,122,136.5,0.1028,Low,546.0,489.87
114,3697,Resort Hotel,2015-12-30,4,122,136.5,0.1028,Low,546.0,489.87
115,3698,Resort Hotel,2015-12-30,4,122,136.5,0.1028,Low,546.0,489.87
116,3699,Resort Hotel,2015-12-30,4,122,136.5,0.1028,Low,546.0,489.87
117,3700,Resort Hotel,2015-12-30,4,122,136.5,0.1028,Low,546.0,489.87
118,3701,Resort Hotel,2015-12-30,4,122,136.5,0.1028,Low,546.0,489.87
119,3705,Resort Hotel,2015-12-30,4,122,136.5,0.1028,Low,546.0,489.87
120,28988,Resort Hotel,2016-10-11,7,150,71.36,0.0236,Low,499.52,487.73
121,36842,Resort Hotel,2017-05-23,8,99,62.81,0.0356,Low,502.48,484.59
122,8695,Resort Hotel,2016-10-09,7,101,67.99,0.0012,Low,475.93,475.36
123,8702,Resort Hotel,2016-10-09,7,101,67.99,0.016,Low,475.93,468.32
124,8705,Resort Hotel,2016-10-09,7,101,67.99,0.016,Low,475.93,468.32
125,8706,Resort Hotel,2016-10-09,7,101,67.99,0.016,Low,475.93,468.32
126,8707,Resort Hotel,2016-10-09,7,101,67.99,0.016,Low,475.93,468.32
127,8708,Resort Hotel,2016-10-09,7,101,67.99,0.016,Low,475.93,468.32
128,28936,Resort Hotel,2016-10-09,7,101,67.99,0.016,Low,475.93,468.32
129,8694,Resort Hotel,2016-10-09,7,101,66.28,0.0176,Low,463.96,455.79
130,8697,Resort Hotel,2016-10-09,7,101,66.28,0.0176,Low,463.96,455.79
131,8698,Resort Hotel,2016-10-09,7,101,66.28,0.0176,Low,463.96,455.79
132,8703,Resort Hotel,2016-10-09,7,101,66.28,0.0176,Low,463.96,455.79
133,8704,Resort Hotel,2016-10-09,7,101,66.28,0.0176,Low,463.96,455.79
134,28937,Resort Hotel,2016-10-09,7,101,66.28,0.0176,Low,463.96,455.79
135,109853,City Hotel,2017-04-14,4,49,113.0,0.0013,Low,452.0,451.41
136,111978,City Hotel,2017-05-13,5,36,89.1,0.0127,Low,445.5,439.84
137,49839,City Hotel,2016-04-20,4,187,110.0,0.0017,Low,440.0,439.25
138,43715,City Hotel,2015-09-23,3,33,177.33,0.1779,Low,531.99,437.35
139,43723,City Hotel,2015-09-23,3,33,177.33,0.1779,Low,531.99,437.35
140,90691,City Hotel,2016-06-06,4,12,110.0,0.0072,Low,440.0,436.83
141,34629,Resort Hotel,2017-03-24,7,6,63.2,0.0127,Low,442.4,436.78
142,43714,City Hotel,2015-09-23,3,33,224.67,0.3541,Medium,674.01,435.34
143,43717,City Hotel,2015-09-23,3,33,224.67,0.3541,Medium,674.01,435.34
144,43718,City Hotel,2015-09-23,3,33,224.67,0.3541,Medium,674.01,435.34
145,43722,City Hotel,2015-09-23,3,33,224.67,0.3541,Medium,674.01,435.34
146,43726,City Hotel,2015-09-23,3,33,224.67,0.3541,Medium,674.01,435.34
147,43736,City Hotel,2015-09-23,3,33,224.67,0.3541,Medium,674.01,435.34
148,43738,City Hotel,2015-09-23,3,33,224.67,0.3541,Medium,674.01,435.34
149,34633,Resort Hotel,2017-03-24,7,6,62.63,0.0127,Low,438.41,432.84
150,36064,Resort Hotel,2017-05-08,7,61,62.0,0.0052,Low,434.0,431.74
151,3107,Resort Hotel,2015-11-18,6,65,69.0,0.0014,Low,414.0,413.42
152,3108,Resort Hotel,2015-11-18,6,65,69.0,0.0014,Low,414.0,413.42
153,3109,Resort Hotel,2015-11-18,6,65,69.0,0.0014,Low,414.0,413.42
154,3112,Resort Hotel,2015-11-18,6,65,69.0,0.0014,Low,414.0,413.42
155,3113,Resort Hotel,2015-11-18,6,65,69.0,0.0014,Low,414.0,413.42
156,3114,Resort Hotel,2015-11-18,6,65,69.0,0.0014,Low,414.0,413.42
157,3116,Resort Hotel,2015-11-18,6,65,69.0,0.0014,Low,414.0,413.42
158,3117,Resort Hotel,2015-11-18,6,65,69.0,0.0014,Low,414.0,413.42
159,3118,Resort Hotel,2015-11-18,6,65,69.0,0.0014,Low,414.0,413.42
160,3120,Resort Hotel,2015-11-18,6,65,69.0,0.0014,Low,414.0,413.42
161,3122,Resort Hotel,2015-11-18,6,65,69.0,0.0014,Low,414.0,413.42
162,3124,Resort Hotel,2015-11-18,6,65,69.0,0.0014,Low,414.0,413.42
163,3125,Resort Hotel,2015-11-18,6,65,69.0,0.0014,Low,414.0,413.42
164,3126,Resort Hotel,2015-11-18,6,65,69.0,0.0014,Low,414.0,413.42
165,3129,Resort Hotel,2015-11-18,6,65,69.0,0.0014,Low,414.0,413.42
166,3132,Resort Hotel,2015-11-18,6,65,69.0,0.0014,Low,414.0,413.42
167,3133,Resort Hotel,2015-11-18,6,65,69.0,0.0014,Low,414.0,413.42
168,18559,Resort Hotel,2015-11-18,6,65,69.0,0.0014,Low,414.0,413.42
169,18560,Resort Hotel,2015-11-18,6,65,69.0,0.0014,Low,414.0,413.42
170,18561,Resort Hotel,2015-11-18,6,65,69.0,0.0014,Low,414.0,413.42
171,18562,Resort Hotel,2015-11-18,6,65,69.0,0.0014,Low,414.0,413.42
172,18563,Resort Hotel,2015-11-18,6,65,69.0,0.0014,Low,414.0,413.42
173,18564,Resort Hotel,2015-11-18,6,65,69.0,0.0014,Low,414.0,413.42
174,18565,Resort Hotel,2015-11-18,6,65,69.0,0.0014,Low,414.0,413.42
175,18584,Resort Hotel,2015-11-18,6,65,69.0,0.0014,Low,414.0,413.42
176,34650,Resort Hotel,2017-03-16,16,105,55.8,0.5449,High,892.8,406.31
177,87768,City Hotel,2016-04-21,5,48,81.2,0.001,Low,406.0,405.59
178,10561,Resort Hotel,2017-03-14,18,50,62.0,0.6368,High,1116.0,405.33
179,87769,City Hotel,2016-04-21,5,48,81.2,0.0022,Low,406.0,405.11
180,21744,Resort Hotel,2017-03-14,5,107,80.0,0.0013,Low,400.0,399.48
181,12692,Resort Hotel,2017-07-12,3,1,192.38,0.3135,Medium,577.14,396.21
182,50900,City Hotel,2016-05-11,4,176,99.0,0.0004,Low,396.0,395.84
183,50902,City Hotel,2016-05-11,4,176,99.0,0.0004,Low,396.0,395.84
184,50905,City Hotel,2016-05-11,4,176,99.0,0.0004,Low,396.0,395.84
185,50906,City Hotel,2016-05-11,4,176,99.0,0.0004,Low,396.0,395.84
186,50907,City Hotel,2016-05-11,4,176,99.0,0.0004,Low,396.0,395.84
187,50911,City Hotel,2016-05-11,4,176,99.0,0.0004,Low,396.0,395.84
188,50914,City Hotel,2016-05-11,4,176,99.0,0.0004,Low,396.0,395.84
189,50915,City Hotel,2016-05-11,4,176,99.0,0.0004,Low,396.0,395.84
190,50917,City Hotel,2016-05-11,4,176,99.0,0.0004,Low,396.0,395.84
191,50918,City Hotel,2016-05-11,4,176,99.0,0.0004,Low,396.0,395.84
192,50920,City Hotel,2016-05-11,4,176,99.0,0.0004,Low,396.0,395.84
193,50922,City Hotel,2016-05-11,4,176,99.0,0.0004,Low,396.0,395.84
194,50924,City Hotel,2016-05-11,4,176,99.0,0.0004,Low,396.0,395.84
195,50925,City Hotel,2016-05-11,4,176,99.0,0.0004,Low,396.0,395.84
196,50929,City Hotel,2016-05-11,4,176,99.0,0.0004,Low,396.0,395.84
197,50930,City Hotel,2016-05-11,4,176,99.0,0.0004,Low,396.0,395.84
198,49823,City Hotel,2016-04-20,4,176,99.0,0.007,Low,396.0,393.23
199,49824,City Hotel,2016-04-20,4,176,99.0,0.007,Low,396.0,393.23
200,49830,City Hotel,2016-04-20,4,176,99.0,0.007,Low,396.0,393.23
201,49834,City Hotel,2016-04-20,4,176,99.0,0.007,Low,396.0,393.23
202,49835,City Hotel,2016-04-20,4,176,99.0,0.007,Low,396.0,393.23
203,49844,City Hotel,2016-04-20,4,176,99.0,0.007,Low,396.0,393.23
204,49845,City Hotel,2016-04-20,4,176,99.0,0.007,Low,396.0,393.23
205,49853,City Hotel,2016-04-20,4,176,99.0,0.007,Low,396.0,393.23
206,49859,City Hotel,2016-04-20,4,176,99.0,0.007,Low,396.0,393.23
207,49876,City Hotel,2016-04-20,4,176,99.0,0.007,Low,396.0,393.23
208,49877,City Hotel,2016-04-20,4,176,99.0,0.007,Low,396.0,393.23
209,49888,City Hotel,2016-04-20,4,176,99.0,0.007,Low,396.0,393.23
210,49889,City Hotel,2016-04-20,4,176,99.0,0.007,Low,396.0,393.23
211,49904,City Hotel,2016-04-20,4,176,99.0,0.007,Low,396.0,393.23
212,49905,City Hotel,2016-04-20,4,176,99.0,0.007,Low,396.0,393.23
213,49913,City Hotel,2016-04-20,4,176,99.0,0.007,Low,396.0,393.23
214,49920,City Hotel,2016-04-20,4,176,99.0,0.007,Low,396.0,393.23
215,46345,City Hotel,2015-12-30,3,111,130.67,0.0012,Low,392.01,391.54
216,46104,City Hotel,2015-12-09,4,69,113.5,0.1383,Low,454.0,391.21
217,49261,City Hotel,2016-04-08,5,224,78.0,0.0047,Low,390.0,388.17
218,112021,City Hotel,2017-05-16,3,9,130.0,0.0062,Low,390.0,387.58
219,3119,Resort Hotel,2015-11-18,6,65,71.0,0.0957,Low,426.0,385.23
220,17860,Resort Hotel,2015-10-19,5,47,76.8,0.0052,Low,384.0,382.0
221,109265,City Hotel,2017-04-05,4,65,95.0,0.0007,Low,380.0,379.73
222,44158,City Hotel,2015-10-01,6,59,100.0,0.3682,Medium,600.0,379.08
223,2487,Resort Hotel,2015-10-19,5,47,76.8,0.016,Low,384.0,377.86
224,2488,Resort Hotel,2015-10-19,5,47,76.8,0.016,Low,384.0,377.86
225,2489,Resort Hotel,2015-10-19,5,47,76.8,0.016,Low,384.0,377.86
226,2491,Resort Hotel,2015-10-19,5,47,76.8,0.016,Low,384.0,377.86
227,2492,Resort Hotel,2015-10-19,5,47,76.8,0.016,Low,384.0,377.86
228,2493,Resort Hotel,2015-10-19,5,47,76.8,0.016,Low,384.0,377.86
229,2494,Resort Hotel,2015-10-19,5,47,76.8,0.016,Low,384.0,377.86
230,2495,Resort Hotel,2015-10-19,5,47,76.8,0.016,Low,384.0,377.86
231,2497,Resort Hotel,2015-10-19,5,47,76.8,0.016,Low,384.0,377.86
232,2498,Resort Hotel,2015-10-19,5,47,76.8,0.016,Low,384.0,377.86
233,2499,Resort Hotel,2015-10-19,5,47,76.8,0.016,Low,384.0,377.86
234,2500,Resort Hotel,2015-10-19,5,47,76.8,0.016,Low,384.0,377.86
235,2501,Resort Hotel,2015-10-19,5,47,76.8,0.016,Low,384.0,377.86
236,2502,Resort Hotel,2015-10-19,5,47,76.8,0.016,Low,384.0,377.86
237,2503,Resort Hotel,2015-10-19,5,47,76.8,0.016,Low,384.0,377.86
238,2504,Resort Hotel,2015-10-19,5,47,76.8,0.016,Low,384.0,377.86
239,2505,Resort Hotel,2015-10-19,5,47,76.8,0.016,Low,384.0,377.86
240,2507,Resort Hotel,2015-10-19,5,47,76.8,0.016,Low,384.0,377.86
241,2508,Resort Hotel,2015-10-19,5,47,76.8,0.016,Low,384.0,377.86
242,2511,Resort Hotel,2015-10-19,5,47,76.8,0.016,Low,384.0,377.86
243,17859,Resort Hotel,2015-10-19,5,47,76.8,0.016,Low,384.0,377.86
244,44132,City Hotel,2015-09-30,3,80,125.0,0.0034,Low,375.0,373.72
245,44136,City Hotel,2015-09-30,3,80,125.0,0.0034,Low,375.0,373.72
246,44137,City Hotel,2015-09-30,3,80,125.0,0.0034,Low,375.0,373.72
247,44138,City Hotel,2015-09-30,3,80,125.0,0.0034,Low,375.0,373.72
248,44145,City Hotel,2015-09-30,3,80,125.0,0.0034,Low,375.0,373.72
249,89145,City Hotel,2016-05-15,3,1,125.0,0.0046,Low,375.0,373.28
250,15129,Resort Hotel,2017-04-13,3,8,126.5,0.0258,Low,379.5,369.71
251,35992,Resort Hotel,2017-04-30,7,8,54.71,0.0462,Low,382.97,365.28
252,31561,Resort Hotel,2016-12-30,2,97,340.0,0.4644,Medium,680.0,364.21
253,3702,Resort Hotel,2015-12-30,4,122,94.25,0.0355,Low,377.0,363.62
254,46745,City Hotel,2016-01-18,5,63,71.6,0.0024,Low,358.0,357.14
255,46719,City Hotel,2016-01-17,5,63,71.0,0.0036,Low,355.0,353.72
256,103984,City Hotel,2016-12-29,5,35,70.0,0.001,Low,350.0,349.65
257,33189,Resort Hotel,2017-02-13,4,113,88.0,0.0081,Low,352.0,349.15
258,51758,City Hotel,2016-05-24,3,3,160.0,0.2734,Medium,480.0,348.77
259,51759,City Hotel,2016-05-24,3,3,160.0,0.2734,Medium,480.0,348.77
260,51760,City Hotel,2016-05-24,3,3,160.0,0.2734,Medium,480.0,348.77
261,51762,City Hotel,2016-05-24,3,3,160.0,0.2734,Medium,480.0,348.77
262,98156,City Hotel,2016-09-22,3,178,116.33,0.0106,Low,348.99,345.29
263,98116,City Hotel,2016-09-22,3,178,116.33,0.0187,Low,348.99,342.46
264,98143,City Hotel,2016-09-22,3,178,116.33,0.0187,Low,348.99,342.46
265,98144,City Hotel,2016-09-22,3,178,116.33,0.0187,Low,348.99,342.46
266,98145,City Hotel,2016-09-22,3,178,116.33,0.0187,Low,348.99,342.46
267,98147,City Hotel,2016-09-22,3,178,116.33,0.0187,Low,348.99,342.46
268,98151,City Hotel,2016-09-22,3,178,116.33,0.0187,Low,348.99,342.46
269,98155,City Hotel,2016-09-22,3,178,116.33,0.0187,Low,348.99,342.46
270,109305,City Hotel,2017-04-05,4,63,85.0,0.0013,Low,340.0,339.56
271,49893,City Hotel,2016-04-20,4,176,84.5,0.0025,Low,338.0,337.16
272,49914,City Hotel,2016-04-20,4,176,84.5,0.0025,Low,338.0,337.16
273,8709,Resort Hotel,2016-10-09,10,101,72.45,0.5427,High,724.5,331.31
274,50912,City Hotel,2016-05-11,4,176,99.0,0.1676,Low,396.0,329.63
275,99062,City Hotel,2016-10-06,3,81,109.0,0.0009,Low,327.0,326.71
276,45633,City Hotel,2015-11-17,5,87,65.0,0.0013,Low,325.0,324.58
277,99879,City Hotel,2016-10-16,4,99,81.0,0.0022,Low,324.0,323.29
278,8800,Resort Hotel,2016-10-14,7,125,46.36,0.0086,Low,324.52,321.73
279,52711,City Hotel,2016-06-09,3,48,107.23,0.0029,Low,321.69,320.76
280,79618,City Hotel,2015-10-28,3,6,107.0,0.0022,Low,321.0,320.29
281,79619,City Hotel,2015-10-28,3,6,107.0,0.0022,Low,321.0,320.29
282,79624,City Hotel,2015-10-28,3,6,107.0,0.0022,Low,321.0,320.29
283,79625,City Hotel,2015-10-28,3,6,107.0,0.0022,Low,321.0,320.29
284,49854,City Hotel,2016-04-20,4,187,80.0,0.0006,Low,320.0,319.81
285,49861,City Hotel,2016-04-20,4,187,80.0,0.0006,Low,320.0,319.81
286,57513,City Hotel,2016-09-26,3,223,107.0,0.0093,Low,321.0,318.01
287,29046,Resort Hotel,2017-03-19,4,122,80.0,0.007,Low,320.0,317.76
288,49818,City Hotel,2016-04-20,4,187,80.0,0.0072,Low,320.0,317.7
289,49825,City Hotel,2016-04-20,4,187,80.0,0.0072,Low,320.0,317.7
290,49826,City Hotel,2016-04-20,4,187,80.0,0.0072,Low,320.0,317.7
291,49862,City Hotel,2016-04-20,4,187,80.0,0.0072,Low,320.0,317.7
292,49879,City Hotel,2016-04-20,4,187,80.0,0.0072,Low,320.0,317.7
293,49882,City Hotel,2016-04-20,4,187,80.0,0.0072,Low,320.0,317.7
294,49883,City Hotel,2016-04-20,4,187,80.0,0.0072,Low,320.0,317.7
295,49898,City Hotel,2016-04-20,4,187,80.0,0.0072,Low,320.0,317.7
296,49899,City Hotel,2016-04-20,4,187,80.0,0.0072,Low,320.0,317.7
297,49906,City Hotel,2016-04-20,4,187,80.0,0.0072,Low,320.0,317.7
298,49915,City Hotel,2016-04-20,4,187,80.0,0.0072,Low,320.0,317.7
299,49916,City Hotel,2016-04-20,4,187,80.0,0.0072,Low,320.0,317.7
300,23171,Resort Hotel,2017-03-21,7,43,45.51,0.0035,Low,318.57,317.46
301,98662,City Hotel,2016-09-30,3,11,106.0,0.0133,Low,318.0,313.77
302,8700,Resort Hotel,2016-10-09,7,101,44.81,0.0064,Low,313.67,311.66
303,57431,City Hotel,2016-09-26,3,223,107.0,0.0295,Low,321.0,311.53
304,57432,City Hotel,2016-09-26,3,223,107.0,0.0295,Low,321.0,311.53
305,57437,City Hotel,2016-09-26,3,223,107.0,0.0295,Low,321.0,311.53
306,57438,City Hotel,2016-09-26,3,223,107.0,0.0295,Low,321.0,311.53
307,57440,City Hotel,2016-09-26,3,223,107.0,0.0295,Low,321.0,311.53
308,57441,City Hotel,2016-09-26,3,223,107.0,0.0295,Low,321.0,311.53
309,57451,City Hotel,2016-09-26,3,223,107.0,0.0295,Low,321.0,311.53
310,57456,City Hotel,2016-09-26,3,223,107.0,0.0295,Low,321.0,311.53
311,57458,City Hotel,2016-09-26,3,223,107.0,0.0295,Low,321.0,311.53
312,57462,City Hotel,2016-09-26,3,223,107.0,0.0295,Low,321.0,311.53
313,57463,City Hotel,2016-09-26,3,223,107.0,0.0295,Low,321.0,311.53
314,57467,City Hotel,2016-09-26,3,223,107.0,0.0295,Low,321.0,311.53
315,57469,City Hotel,2016-09-26,3,223,107.0,0.0295,Low,321.0,311.53
316,57477,City Hotel,2016-09-26,3,223,107.0,0.0295,Low,321.0,311.53
317,57486,City Hotel,2016-09-26,3,223,107.0,0.0295,Low,321.0,311.53
318,57489,City Hotel,2016-09-26,3,223,107.0,0.0295,Low,321.0,311.53
319,57492,City Hotel,2016-09-26,3,223,107.0,0.0295,Low,321.0,311.53
320,57496,City Hotel,2016-09-26,3,223,107.0,0.0295,Low,321.0,311.53
321,57497,City Hotel,2016-09-26,3,223,107.0,0.0295,Low,321.0,311.53
322,57511,City Hotel,2016-09-26,3,223,107.0,0.0295,Low,321.0,311.53
323,57514,City Hotel,2016-09-26,3,223,107.0,0.0295,Low,321.0,311.53
324,10575,Resort Hotel,2017-03-14,18,50,44.0,0.6075,High,792.0,310.86
325,8727,Resort Hotel,2016-10-11,7,150,46.36,0.0432,Low,324.52,310.5
326,28991,Resort Hotel,2016-10-11,7,150,46.36,0.0432,Low,324.52,310.5
327,28993,Resort Hotel,2016-10-11,7,150,46.36,0.0432,Low,324.52,310.5
328,8796,Resort Hotel,2016-10-14,7,125,44.36,0.0085,Low,310.52,307.88
329,87772,City Hotel,2016-04-22,4,48,77.0,0.0005,Low,308.0,307.85
330,87771,City Hotel,2016-04-22,4,48,77.0,0.0006,Low,308.0,307.82
331,8725,Resort Hotel,2016-10-11,7,150,44.36,0.0247,Low,310.52,302.85
332,45709,City Hotel,2015-11-18,4,87,75.0,0.0005,Low,300.0,299.85
333,44140,City Hotel,2015-09-30,3,80,100.0,0.0009,Low,300.0,299.73
334,111263,City Hotel,2017-05-05,3,84,100.0,0.002,Low,300.0,299.4
335,96026,City Hotel,2016-08-25,3,49,100.0,0.0034,Low,300.0,298.98
336,96061,City Hotel,2016-08-25,3,49,100.0,0.0034,Low,300.0,298.98
337,8696,Resort Hotel,2016-10-09,7,101,42.81,0.011,Low,299.67,296.37
338,8699,Resort Hotel,2016-10-09,7,101,42.81,0.011,Low,299.67,296.37
339,34024,Resort Hotel,2017-03-07,4,107,75.0,0.0229,Low,300.0,293.13
340,34026,Resort Hotel,2017-03-07,4,93,75.0,0.0235,Low,300.0,292.95
341,105978,City Hotel,2017-02-15,4,83,78.0,0.0632,Low,312.0,292.28
342,86227,City Hotel,2016-03-27,3,22,107.0,0.0905,Low,321.0,291.95
343,34514,Resort Hotel,2017-03-21,7,43,41.6,0.0145,Low,291.2,286.98
344,98090,City Hotel,2016-09-22,3,178,95.67,0.0053,Low,287.01,285.49
345,98084,City Hotel,2016-09-22,3,178,95.67,0.0091,Low,287.01,284.4
346,98085,City Hotel,2016-09-22,3,178,95.67,0.0091,Low,287.01,284.4
347,98086,City Hotel,2016-09-22,3,178,95.67,0.0091,Low,287.01,284.4
348,98087,City Hotel,2016-09-22,3,178,95.67,0.0091,Low,287.01,284.4
349,98095,City Hotel,2016-09-22,3,178,95.67,0.0091,Low,287.01,284.4
350,98105,City Hotel,2016-09-22,3,178,95.67,0.0091,Low,287.01,284.4
351,98148,City Hotel,2016-09-22,3,178,95.67,0.0091,Low,287.01,284.4
352,98149,City Hotel,2016-09-22,3,178,95.67,0.0091,Low,287.01,284.4
353,98152,City Hotel,2016-09-22,3,178,95.67,0.0091,Low,287.01,284.4
354,104749,City Hotel,2017-01-19,3,25,95.0,0.0039,Low,285.0,283.89
355,83261,City Hotel,2016-01-24,3,15,95.0,0.0046,Low,285.0,283.69
356,46718,City Hotel,2016-01-17,4,63,71.0,0.0033,Low,284.0,283.06
357,46823,City Hotel,2016-01-19,4,63,70.75,0.001,Low,283.0,282.72
358,33564,Resort Hotel,2017-02-20,7,20,42.0,0.0395,Low,294.0,282.39
359,83294,City Hotel,2016-01-25,3,15,95.0,0.0113,Low,285.0,281.78
360,46304,City Hotel,2015-12-29,4,111,70.5,0.0021,Low,282.0,281.41
361,46305,City Hotel,2015-12-29,4,111,70.5,0.0021,Low,282.0,281.41
362,46306,City Hotel,2015-12-29,4,111,70.5,0.0021,Low,282.0,281.41
363,46307,City Hotel,2015-12-29,4,111,70.5,0.0021,Low,282.0,281.41
364,86114,City Hotel,2016-03-25,3,4,94.0,0.0025,Low,282.0,281.3
365,86123,City Hotel,2016-03-25,3,4,94.0,0.0025,Low,282.0,281.3
366,114733,City Hotel,2017-06-23,4,59,105.0,0.331,Medium,420.0,280.98
367,3656,Resort Hotel,2015-12-30,4,122,84.5,0.17,Low,338.0,280.54
368,3674,Resort Hotel,2015-12-30,4,122,84.5,0.17,Low,338.0,280.54
369,3675,Resort Hotel,2015-12-30,4,122,84.5,0.17,Low,338.0,280.54
370,3706,Resort Hotel,2015-12-30,4,122,84.5,0.17,Low,338.0,280.54
371,3707,Resort Hotel,2015-12-30,4,122,84.5,0.17,Low,338.0,280.54
372,98710,City Hotel,2016-10-01,3,174,96.0,0.0259,Low,288.0,280.54
373,46105,City Hotel,2015-12-09,4,69,70.0,0.0002,Low,280.0,279.94
374,46115,City Hotel,2015-12-09,4,69,70.0,0.0002,Low,280.0,279.94
375,46102,City Hotel,2015-12-09,4,69,70.0,0.0012,Low,280.0,279.66
376,46103,City Hotel,2015-12-09,4,69,70.0,0.0012,Low,280.0,279.66
377,46106,City Hotel,2015-12-09,4,69,70.0,0.0012,Low,280.0,279.66
378,46108,City Hotel,2015-12-09,4,69,70.0,0.0012,Low,280.0,279.66
379,46109,City Hotel,2015-12-09,4,69,70.0,0.0012,Low,280.0,279.66
380,46110,City Hotel,2015-12-09,4,69,70.0,0.0012,Low,280.0,279.66
381,46111,City Hotel,2015-12-09,4,69,70.0,0.0012,Low,280.0,279.66
382,46112,City Hotel,2015-12-09,4,69,70.0,0.0012,Low,280.0,279.66
383,46113,City Hotel,2015-12-09,4,69,70.0,0.0012,Low,280.0,279.66
384,46114,City Hotel,2015-12-09,4,69,70.0,0.0012,Low,280.0,279.66
385,46116,City Hotel,2015-12-09,4,69,70.0,0.0012,Low,280.0,279.66
386,46117,City Hotel,2015-12-09,4,69,70.0,0.0012,Low,280.0,279.66
387,49848,City Hotel,2016-04-20,4,187,70.0,0.0017,Low,280.0,279.52
388,49895,City Hotel,2016-04-20,4,187,70.0,0.0017,Low,280.0,279.52
389,35653,Resort Hotel,2017-04-23,6,154,46.5,0.0041,Low,279.0,277.86
390,86192,City Hotel,2016-03-25,4,4,69.5,0.0017,Low,278.0,277.53
391,98708,City Hotel,2016-10-01,3,174,96.0,0.0518,Low,288.0,273.08
392,98709,City Hotel,2016-10-01,3,174,96.0,0.0518,Low,288.0,273.08
393,98711,City Hotel,2016-10-01,3,174,96.0,0.0518,Low,288.0,273.08
394,2509,Resort Hotel,2015-10-19,5,47,76.8,0.2894,Medium,384.0,272.87
395,99151,City Hotel,2016-10-07,3,68,90.67,0.0003,Low,272.01,271.93
396,99157,City Hotel,2016-10-07,3,68,90.67,0.0003,Low,272.01,271.93
397,99186,City Hotel,2016-10-07,3,68,90.67,0.0003,Low,272.01,271.93
398,99187,City Hotel,2016-10-07,3,68,90.67,0.0003,Low,272.01,271.93
399,99188,City Hotel,2016-10-07,3,68,90.67,0.0003,Low,272.01,271.93
400,99193,City Hotel,2016-10-07,3,68,90.67,0.0003,Low,272.01,271.93
401,99195,City Hotel,2016-10-07,3,68,90.67,0.0003,Low,272.01,271.93
402,99196,City Hotel,2016-10-07,3,68,90.67,0.0003,Low,272.01,271.93
403,99197,City Hotel,2016-10-07,3,68,90.67,0.0003,Low,272.01,271.93
404,99199,City Hotel,2016-10-07,3,68,90.67,0.0003,Low,272.01,271.93
405,99194,City Hotel,2016-10-07,3,68,90.67,0.0038,Low,272.01,270.98
406,53305,City Hotel,2016-06-17,3,108,89.5,0.0007,Low,268.5,268.31
407,108918,City Hotel,2017-04-01,3,105,88.2,0.0055,Low,264.6,263.14
408,44139,City Hotel,2015-09-30,3,80,100.0,0.1233,Low,300.0,263.01
409,108952,City Hotel,2017-04-01,3,50,88.2,0.0092,Low,264.6,262.17
410,56801,City Hotel,2016-09-14,3,107,130.0,0.3285,Medium,390.0,261.88
411,6638,Resort Hotel,2016-06-22,3,75,92.0,0.0567,Low,276.0,260.35
412,6639,Resort Hotel,2016-06-22,3,75,92.0,0.0567,Low,276.0,260.35
413,6641,Resort Hotel,2016-06-22,3,75,92.0,0.0567,Low,276.0,260.35
414,6642,Resort Hotel,2016-06-22,3,75,92.0,0.0567,Low,276.0,260.35
415,6643,Resort Hotel,2016-06-22,3,75,92.0,0.0567,Low,276.0,260.35
416,6644,Resort Hotel,2016-06-22,3,75,92.0,0.0567,Low,276.0,260.35
417,6645,Resort Hotel,2016-06-22,3,75,92.0,0.0567,Low,276.0,260.35
418,6646,Resort Hotel,2016-06-22,3,75,92.0,0.0567,Low,276.0,260.35
419,6649,Resort Hotel,2016-06-22,3,75,92.0,0.0567,Low,276.0,260.35
420,6650,Resort Hotel,2016-06-22,3,75,92.0,0.0567,Low,276.0,260.35
421,6653,Resort Hotel,2016-06-22,3,75,92.0,0.0567,Low,276.0,260.35
422,6654,Resort Hotel,2016-06-22,3,75,92.0,0.0567,Low,276.0,260.35
423,6656,Resort Hotel,2016-06-22,3,75,92.0,0.0567,Low,276.0,260.35
424,6659,Resort Hotel,2016-06-22,3,75,92.0,0.0567,Low,276.0,260.35
425,6660,Resort Hotel,2016-06-22,3,75,92.0,0.0567,Low,276.0,260.35
426,6662,Resort Hotel,2016-06-22,3,75,92.0,0.0567,Low,276.0,260.35
427,6663,Resort Hotel,2016-06-22,3,75,92.0,0.0567,Low,276.0,260.35
428,25391,Resort Hotel,2016-06-22,3,75,92.0,0.0567,Low,276.0,260.35
429,45631,City Hotel,2015-11-17,4,87,65.0,0.0012,Low,260.0,259.69
430,79616,City Hotel,2015-10-28,3,6,86.0,0.0009,Low,258.0,257.77
431,79649,City Hotel,2015-10-28,3,6,86.0,0.0009,Low,258.0,257.77
432,89261,City Hotel,2016-05-17,2,12,130.0,0.0097,Low,260.0,257.48
433,80869,City Hotel,2015-11-24,3,27,85.67,0.0007,Low,257.01,256.83
434,45375,City Hotel,2015-10-28,3,58,85.67,0.0017,Low,257.01,256.57
435,45376,City Hotel,2015-10-28,3,58,85.67,0.0017,Low,257.01,256.57
436,45382,City Hotel,2015-10-28,3,58,85.67,0.0017,Low,257.01,256.57
437,45387,City Hotel,2015-10-28,3,58,85.67,0.0017,Low,257.01,256.57
438,45389,City Hotel,2015-10-28,3,58,85.67,0.0017,Low,257.01,256.57
439,45394,City Hotel,2015-10-28,3,58,85.67,0.0017,Low,257.01,256.57
440,45396,City Hotel,2015-10-28,3,58,85.67,0.0017,Low,257.01,256.57
441,45403,City Hotel,2015-10-28,3,58,85.67,0.0017,Low,257.01,256.57
442,45407,City Hotel,2015-10-28,3,58,85.67,0.0017,Low,257.01,256.57
443,45408,City Hotel,2015-10-28,3,58,85.67,0.0017,Low,257.01,256.57
444,45414,City Hotel,2015-10-28,3,58,85.67,0.0017,Low,257.01,256.57
445,45420,City Hotel,2015-10-28,3,58,85.67,0.0017,Low,257.01,256.57
446,45421,City Hotel,2015-10-28,3,58,85.67,0.0017,Low,257.01,256.57
447,45433,City Hotel,2015-10-28,3,58,85.67,0.0017,Low,257.01,256.57
448,45439,City Hotel,2015-10-28,3,58,85.67,0.0017,Low,257.01,256.57
449,45440,City Hotel,2015-10-28,3,58,85.67,0.0017,Low,257.01,256.57
450,45445,City Hotel,2015-10-28,3,58,85.67,0.0017,Low,257.01,256.57
451,80863,City Hotel,2015-11-24,3,27,85.67,0.0017,Low,257.01,256.57
452,80873,City Hotel,2015-11-24,3,27,85.67,0.0017,Low,257.01,256.57
453,80874,City Hotel,2015-11-24,3,27,85.67,0.0017,Low,257.01,256.57
454,80879,City Hotel,2015-11-24,3,27,85.67,0.0017,Low,257.01,256.57
455,80880,City Hotel,2015-11-24,3,27,85.67,0.0017,Low,257.01,256.57
456,80881,City Hotel,2015-11-24,3,27,85.67,0.0017,Low,257.01,256.57
457,80885,City Hotel,2015-11-24,3,27,85.67,0.0017,Low,257.01,256.57
458,80890,City Hotel,2015-11-24,3,27,85.67,0.0017,Low,257.01,256.57
459,80892,City Hotel,2015-11-24,3,27,85.67,0.0017,Low,257.01,256.57
460,45279,City Hotel,2015-10-25,3,58,85.67,0.0025,Low,257.01,256.37
461,45303,City Hotel,2015-10-25,3,58,85.67,0.0025,Low,257.01,256.37
462,104745,City Hotel,2017-01-19,3,25,85.0,0.0025,Low,255.0,254.36
463,45370,City Hotel,2015-10-28,3,58,85.67,0.0131,Low,257.01,253.64
464,45371,City Hotel,2015-10-28,3,58,85.67,0.0131,Low,257.01,253.64
465,45372,City Hotel,2015-10-28,3,58,85.67,0.0131,Low,257.01,253.64
466,45373,City Hotel,2015-10-28,3,58,85.67,0.0131,Low,257.01,253.64
467,45374,City Hotel,2015-10-28,3,58,85.67,0.0131,Low,257.01,253.64
468,45377,City Hotel,2015-10-28,3,58,85.67,0.0131,Low,257.01,253.64
469,45378,City Hotel,2015-10-28,3,58,85.67,0.0131,Low,257.01,253.64
470,45379,City Hotel,2015-10-28,3,58,85.67,0.0131,Low,257.01,253.64
471,45380,City Hotel,2015-10-28,3,58,85.67,0.0131,Low,257.01,253.64
472,45381,City Hotel,2015-10-28,3,58,85.67,0.0131,Low,257.01,253.64
473,45383,City Hotel,2015-10-28,3,58,85.67,0.0131,Low,257.01,253.64
474,45384,City Hotel,2015-10-28,3,58,85.67,0.0131,Low,257.01,253.64
475,45390,City Hotel,2015-10-28,3,58,85.67,0.0131,Low,257.01,253.64
476,45391,City Hotel,2015-10-28,3,58,85.67,0.0131,Low,257.01,253.64
477,45398,City Hotel,2015-10-28,3,58,85.67,0.0131,Low,257.01,253.64
478,45399,City Hotel,2015-10-28,3,58,85.67,0.0131,Low,257.01,253.64
479,45402,City Hotel,2015-10-28,3,58,85.67,0.0131,Low,257.01,253.64
480,45404,City Hotel,2015-10-28,3,58,85.67,0.0131,Low,257.01,253.64
481,45405,City Hotel,2015-10-28,3,58,85.67,0.0131,Low,257.01,253.64
482,45406,City Hotel,2015-10-28,3,58,85.67,0.0131,Low,257.01,253.64
483,45409,City Hotel,2015-10-28,3,58,85.67,0.0131,Low,257.01,253.64
484,45410,City Hotel,2015-10-28,3,58,85.67,0.0131,Low,257.01,253.64
485,45412,City Hotel,2015-10-28,3,58,85.67,0.0131,Low,257.01,253.64
486,45415,City Hotel,2015-10-28,3,58,85.67,0.0131,Low,257.01,253.64
487,45418,City Hotel,2015-10-28,3,58,85.67,0.0131,Low,257.01,253.64
488,45419,City Hotel,2015-10-28,3,58,85.67,0.0131,Low,257.01,253.64
489,45422,City Hotel,2015-10-28,3,58,85.67,0.0131,Low,257.01,253.64
490,45424,City Hotel,2015-10-28,3,58,85.67,0.0131,Low,257.01,253.64
491,45425,City Hotel,2015-10-28,3,58,85.67,0.0131,Low,257.01,253.64
492,45426,City Hotel,2015-10-28,3,58,85.67,0.0131,Low,257.01,253.64
493,45428,City Hotel,2015-10-28,3,58,85.67,0.0131,Low,257.01,253.64
494,45429,City Hotel,2015-10-28,3,58,85.67,0.0131,Low,257.01,253.64
495,45430,City Hotel,2015-10-28,3,58,85.67,0.0131,Low,257.01,253.64
496,45432,City Hotel,2015-10-28,3,58,85.67,0.0131,Low,257.01,253.64
497,45434,City Hotel,2015-10-28,3,58,85.67,0.0131,Low,257.01,253.64
498,45435,City Hotel,2015-10-28,3,58,85.67,0.0131,Low,257.01,253.64
499,45436,City Hotel,2015-10-28,3,58,85.67,0.0131,Low,257.01,253.64
500,45437,City Hotel,2015-10-28,3,58,85.67,0.0131,Low,257.01,253.64
501,45438,City Hotel,2015-10-28,3,58,85.67,0.0131,Low,257.01,253.64
502,45441,City Hotel,2015-10-28,3,58,85.67,0.0131,Low,257.01,253.64
503,45442,City Hotel,2015-10-28,3,58,85.67,0.0131,Low,257.01,253.64
504,45443,City Hotel,2015-10-28,3,58,85.67,0.0131,Low,257.01,253.64
505,45444,City Hotel,2015-10-28,3,58,85.67,0.0131,Low,257.01,253.64
506,87766,City Hotel,2016-04-22,4,48,63.5,0.0033,Low,254.0,253.16
507,83326,City Hotel,2016-01-25,4,15,64.0,0.0116,Low,256.0,253.03
508,87765,City Hotel,2016-04-22,4,48,63.5,0.0064,Low,254.0,252.37
509,87770,City Hotel,2016-04-22,4,48,63.5,0.0064,Low,254.0,252.37
510,34937,Resort Hotel,2017-04-05,4,100,61.75,0.0134,Low,247.0,243.69
511,44659,City Hotel,2015-10-09,2,50,160.0,0.2393,Low,320.0,243.42
512,8793,Resort Hotel,2016-10-14,7,125,78.81,0.5608,High,551.6700000000001,242.29
513,45707,City Hotel,2015-11-18,4,87,65.0,0.0757,Low,260.0,240.32
514,30978,Resort Hotel,2016-12-08,3,44,80.0,0.0051,Low,240.0,238.78
515,111300,City Hotel,2017-05-06,3,25,80.0,0.0062,Low,240.0,238.51
516,90061,City Hotel,2016-05-30,2,25,120.0,0.0077,Low,240.0,238.15
517,34271,Resort Hotel,2017-03-11,7,60,34.0,0.005,Low,238.0,236.81
518,34470,Resort Hotel,2017-03-19,7,60,34.0,0.0051,Low,238.0,236.79
519,97527,City Hotel,2016-09-16,2,44,117.0,0.0035,Low,234.0,233.18
520,97534,City Hotel,2016-09-16,2,44,117.0,0.0035,Low,234.0,233.18
521,97550,City Hotel,2016-09-16,2,44,117.0,0.0035,Low,234.0,233.18
522,97556,City Hotel,2016-09-16,2,44,117.0,0.0035,Low,234.0,233.18
523,97560,City Hotel,2016-09-16,2,44,117.0,0.0035,Low,234.0,233.18
524,97490,City Hotel,2016-09-16,2,44,117.0,0.0202,Low,234.0,229.27
525,97542,City Hotel,2016-09-16,2,44,117.0,0.0202,Low,234.0,229.27
526,97552,City Hotel,2016-09-16,2,44,117.0,0.0202,Low,234.0,229.27
527,97554,City Hotel,2016-09-16,2,44,117.0,0.0202,Low,234.0,229.27
528,97563,City Hotel,2016-09-16,2,44,117.0,0.0202,Low,234.0,229.27
529,8701,Resort Hotel,2016-10-09,7,101,67.99,0.5205,High,475.93,228.21
530,45695,City Hotel,2015-11-18,4,87,75.0,0.2444,Low,300.0,226.68
531,45696,City Hotel,2015-11-18,4,87,75.0,0.2444,Low,300.0,226.68
532,45706,City Hotel,2015-11-18,4,87,75.0,0.2444,Low,300.0,226.68
533,45708,City Hotel,2015-11-18,4,87,75.0,0.2444,Low,300.0,226.68
534,45711,City Hotel,2015-11-18,4,87,75.0,0.2444,Low,300.0,226.68
535,45712,City Hotel,2015-11-18,4,87,75.0,0.2444,Low,300.0,226.68
536,6661,Resort Hotel,2016-06-22,3,75,76.0,0.0142,Low,228.0,224.76
537,46282,City Hotel,2015-12-29,3,99,75.0,0.0013,Low,225.0,224.71
538,46286,City Hotel,2015-12-29,3,99,75.0,0.0013,Low,225.0,224.71
539,46288,City Hotel,2015-12-29,3,99,75.0,0.0013,Low,225.0,224.71
540,46290,City Hotel,2015-12-29,3,99,75.0,0.0013,Low,225.0,224.71
541,46292,City Hotel,2015-12-29,3,99,75.0,0.0013,Low,225.0,224.71
542,46295,City Hotel,2015-12-29,3,99,75.0,0.0013,Low,225.0,224.71
543,46298,City Hotel,2015-12-29,3,99,75.0,0.0013,Low,225.0,224.71
544,46302,City Hotel,2015-12-29,3,99,75.0,0.0013,Low,225.0,224.71
545,46303,City Hotel,2015-12-29,3,99,75.0,0.0013,Low,225.0,224.71
546,104648,City Hotel,2017-01-16,3,15,75.0,0.0015,Low,225.0,224.66
547,106653,City Hotel,2017-02-26,3,2,75.0,0.0015,Low,225.0,224.66
548,79620,City Hotel,2015-10-28,3,6,75.0,0.002,Low,225.0,224.55
549,79621,City Hotel,2015-10-28,3,6,75.0,0.002,Low,225.0,224.55
550,79622,City Hotel,2015-10-28,3,6,75.0,0.002,Low,225.0,224.55
551,79623,City Hotel,2015-10-28,3,6,75.0,0.002,Low,225.0,224.55
552,50581,City Hotel,2016-05-05,3,236,81.67,0.0873,Low,245.01,223.62
553,50609,City Hotel,2016-05-05,3,236,81.67,0.0873,Low,245.01,223.62
554,50610,City Hotel,2016-05-05,3,236,81.67,0.0873,Low,245.01,223.62
555,50615,City Hotel,2016-05-05,3,236,81.67,0.0873,Low,245.01,223.62
556,50656,City Hotel,2016-05-05,3,236,81.67,0.0873,Low,245.01,223.62
557,50673,City Hotel,2016-05-05,3,236,81.67,0.0873,Low,245.01,223.62
558,50681,City Hotel,2016-05-05,3,236,81.67,0.0873,Low,245.01,223.62
559,50682,City Hotel,2016-05-05,3,236,81.67,0.0873,Low,245.01,223.62
560,33184,Resort Hotel,2017-02-13,4,113,56.0,0.0066,Low,224.0,222.52
561,44379,City Hotel,2015-10-05,2,77,112.2,0.0096,Low,224.4,222.25
562,44380,City Hotel,2015-10-05,2,77,112.2,0.0096,Low,224.4,222.25
563,44381,City Hotel,2015-10-05,2,77,112.2,0.0096,Low,224.4,222.25
564,44392,City Hotel,2015-10-05,2,77,112.2,0.0096,Low,224.4,222.25
565,44398,City Hotel,2015-10-05,2,77,112.2,0.0096,Low,224.4,222.25
566,44401,City Hotel,2015-10-05,2,77,112.2,0.0096,Low,224.4,222.25
567,52692,City Hotel,2016-06-09,3,48,73.33,0.0027,Low,219.99,219.4
568,52696,City Hotel,2016-06-09,3,48,73.33,0.0028,Low,219.99,219.37
569,52699,City Hotel,2016-06-09,3,48,73.33,0.0028,Low,219.99,219.37
570,52700,City Hotel,2016-06-09,3,48,73.33,0.0028,Low,219.99,219.37
571,52702,City Hotel,2016-06-09,3,48,73.33,0.0028,Low,219.99,219.37
572,52705,City Hotel,2016-06-09,3,48,73.33,0.0028,Low,219.99,219.37
573,52710,City Hotel,2016-06-09,3,48,73.33,0.0028,Low,219.99,219.37
574,52713,City Hotel,2016-06-09,3,48,73.33,0.0028,Low,219.99,219.37
575,52714,City Hotel,2016-06-09,3,48,73.33,0.0028,Low,219.99,219.37
576,52715,City Hotel,2016-06-09,3,48,73.33,0.0028,Low,219.99,219.37
577,52716,City Hotel,2016-06-09,3,48,73.33,0.0028,Low,219.99,219.37
578,52718,City Hotel,2016-06-09,3,48,73.33,0.0028,Low,219.99,219.37
579,89793,City Hotel,2016-05-24,2,1,110.0,0.0046,Low,220.0,218.99
580,46311,City Hotel,2015-12-29,4,111,70.5,0.2276,Low,282.0,217.82
581,45647,City Hotel,2015-11-18,3,87,75.0,0.0329,Low,225.0,217.6
582,45661,City Hotel,2015-11-18,3,87,75.0,0.0329,Low,225.0,217.6
583,45672,City Hotel,2015-11-18,3,87,75.0,0.0329,Low,225.0,217.6
584,45682,City Hotel,2015-11-18,3,87,75.0,0.0329,Low,225.0,217.6
585,45690,City Hotel,2015-11-18,3,87,75.0,0.0329,Low,225.0,217.6
586,45704,City Hotel,2015-11-18,3,87,75.0,0.0329,Low,225.0,217.6
587,46827,City Hotel,2016-01-19,4,63,71.0,0.2363,Low,284.0,216.89
588,44619,City Hotel,2015-10-08,3,53,72.25,0.0034,Low,216.75,216.01
589,53322,City Hotel,2016-06-17,3,108,72.0,0.0009,Low,216.0,215.81
590,53323,City Hotel,2016-06-17,3,108,72.0,0.0009,Low,216.0,215.81
591,53325,City Hotel,2016-06-17,3,108,72.0,0.0009,Low,216.0,215.81
592,46281,City Hotel,2015-12-29,3,99,85.0,0.1561,Low,255.0,215.19
593,46285,City Hotel,2015-12-29,3,99,85.0,0.1561,Low,255.0,215.19
594,46296,City Hotel,2015-12-29,3,99,85.0,0.1561,Low,255.0,215.19
595,53306,City Hotel,2016-06-17,3,108,72.0,0.0084,Low,216.0,214.19
596,46803,City Hotel,2016-01-19,3,63,71.0,0.0002,Low,213.0,212.96
597,46794,City Hotel,2016-01-19,3,63,71.0,0.0004,Low,213.0,212.91
598,46806,City Hotel,2016-01-19,3,63,71.0,0.0006,Low,213.0,212.87
599,46778,City Hotel,2016-01-19,3,63,71.0,0.0007,Low,213.0,212.85
600,46786,City Hotel,2016-01-19,3,63,71.0,0.0007,Low,213.0,212.85
601,46811,City Hotel,2016-01-19,3,63,71.0,0.0007,Low,213.0,212.85
602,46819,City Hotel,2016-01-19,3,63,71.0,0.0009,Low,213.0,212.81
603,46776,City Hotel,2016-01-19,3,63,71.0,0.001,Low,213.0,212.79
604,46785,City Hotel,2016-01-19,3,63,71.0,0.001,Low,213.0,212.79
605,46805,City Hotel,2016-01-19,3,63,71.0,0.001,Low,213.0,212.79
606,46802,City Hotel,2016-01-19,3,63,71.0,0.0011,Low,213.0,212.77
607,46793,City Hotel,2016-01-19,3,63,71.0,0.0012,Low,213.0,212.74
608,46810,City Hotel,2016-01-19,3,63,71.0,0.0012,Low,213.0,212.74
609,46818,City Hotel,2016-01-19,3,63,71.0,0.0012,Low,213.0,212.74
610,46800,City Hotel,2016-01-19,3,63,71.0,0.0014,Low,213.0,212.7
611,46825,City Hotel,2016-01-19,3,63,71.0,0.0014,Low,213.0,212.7
612,46822,City Hotel,2016-01-19,3,63,71.0,0.0015,Low,213.0,212.68
613,46738,City Hotel,2016-01-18,3,63,71.0,0.0031,Low,213.0,212.34
614,23608,Resort Hotel,2016-04-27,3,52,85.33,0.1707,Low,255.99,212.29
615,46349,City Hotel,2015-12-30,3,111,70.67,0.0021,Low,212.01,211.56
616,46350,City Hotel,2015-12-30,3,111,70.67,0.0021,Low,212.01,211.56
617,46351,City Hotel,2015-12-30,3,111,70.67,0.0021,Low,212.01,211.56
618,46352,City Hotel,2015-12-30,3,111,70.67,0.0021,Low,212.01,211.56
619,46357,City Hotel,2015-12-30,3,111,70.67,0.0021,Low,212.01,211.56
620,43652,City Hotel,2015-09-22,2,65,106.0,0.0029,Low,212.0,211.39
621,43655,City Hotel,2015-09-22,2,65,106.0,0.0029,Low,212.0,211.39
622,43656,City Hotel,2015-09-22,2,65,106.0,0.0029,Low,212.0,211.39
623,43658,City Hotel,2015-09-22,2,65,106.0,0.0029,Low,212.0,211.39
624,43659,City Hotel,2015-09-22,2,65,106.0,0.0029,Low,212.0,211.39
625,46784,City Hotel,2016-01-19,3,63,70.0,0.0008,Low,210.0,209.83
626,87767,City Hotel,2016-04-23,3,48,70.0,0.0015,Low,210.0,209.68
627,46742,City Hotel,2016-01-18,5,63,80.0,0.4774,Medium,400.0,209.04
628,46744,City Hotel,2016-01-18,5,63,80.0,0.4774,Medium,400.0,209.04
629,34272,Resort Hotel,2017-03-11,7,60,30.0,0.005,Low,210.0,208.95
630,34469,Resort Hotel,2017-03-19,7,60,30.0,0.0051,Low,210.0,208.93
631,80875,City Hotel,2015-11-24,3,27,67.83,0.0008,Low,203.49,203.33
632,80876,City Hotel,2015-11-24,3,27,67.83,0.0008,Low,203.49,203.33
633,80883,City Hotel,2015-11-24,3,27,67.83,0.0008,Low,203.49,203.33
634,80902,City Hotel,2015-11-24,3,27,67.83,0.0008,Low,203.49,203.33
635,46291,City Hotel,2015-12-29,3,99,75.0,0.1108,Low,225.0,200.07
636,34042,Resort Hotel,2017-03-09,2,109,99.0,0.0011,Low,198.0,197.78
637,44617,City Hotel,2015-10-08,3,53,65.45,0.003,Low,196.35,195.76
638,44618,City Hotel,2015-10-08,3,53,65.45,0.003,Low,196.35,195.76
639,44620,City Hotel,2015-10-08,3,53,65.45,0.003,Low,196.35,195.76
640,36755,Resort Hotel,2017-05-25,3,99,67.0,0.0276,Low,201.0,195.45
641,86145,City Hotel,2016-03-25,3,4,65.0,0.0002,Low,195.0,194.96
642,46284,City Hotel,2015-12-29,3,99,65.0,0.0004,Low,195.0,194.92
643,53319,City Hotel,2016-06-17,3,108,65.0,0.0005,Low,195.0,194.9
644,36719,Resort Hotel,2017-05-25,3,20,67.0,0.0317,Low,201.0,194.63
645,86146,City Hotel,2016-03-25,3,4,65.0,0.0023,Low,195.0,194.55
646,86187,City Hotel,2016-03-26,3,4,65.0,0.0025,Low,195.0,194.51
647,86105,City Hotel,2016-03-25,3,4,65.0,0.0027,Low,195.0,194.47
648,86107,City Hotel,2016-03-25,3,4,65.0,0.0027,Low,195.0,194.47
649,105315,City Hotel,2017-02-02,3,28,99.0,0.3465,Medium,297.0,194.09
650,98653,City Hotel,2016-09-30,3,11,132.0,0.5108,High,396.0,193.72
651,51013,City Hotel,2016-05-13,3,215,65.0,0.0131,Low,195.0,192.45
652,51018,City Hotel,2016-05-13,3,215,65.0,0.0131,Low,195.0,192.45
653,51030,City Hotel,2016-05-13,3,215,65.0,0.0131,Low,195.0,192.45
654,51031,City Hotel,2016-05-13,3,215,65.0,0.0131,Low,195.0,192.45
655,51044,City Hotel,2016-05-13,3,215,65.0,0.0131,Low,195.0,192.45
656,51050,City Hotel,2016-05-13,3,215,65.0,0.0131,Low,195.0,192.45
657,51064,City Hotel,2016-05-13,3,215,65.0,0.0131,Low,195.0,192.45
658,45646,City Hotel,2015-11-18,3,87,65.0,0.0189,Low,195.0,191.31
659,83266,City Hotel,2016-01-24,3,15,64.0,0.0085,Low,192.0,190.37
660,83295,City Hotel,2016-01-25,3,15,64.0,0.0107,Low,192.0,189.95
661,83264,City Hotel,2016-01-25,2,15,95.0,0.0008,Low,190.0,189.85
662,83255,City Hotel,2016-01-25,2,15,95.0,0.0077,Low,190.0,188.54
663,86837,City Hotel,2016-04-08,2,34,94.25,0.0014,Low,188.5,188.24
664,83257,City Hotel,2016-01-25,2,15,95.0,0.0159,Low,190.0,186.98
665,83258,City Hotel,2016-01-25,2,15,95.0,0.0159,Low,190.0,186.98
666,50582,City Hotel,2016-05-05,3,259,62.5,0.0061,Low,187.5,186.36
667,50614,City Hotel,2016-05-05,3,259,62.5,0.0061,Low,187.5,186.36
668,80872,City Hotel,2015-11-24,3,27,85.67,0.2781,Medium,257.01,185.54
669,80901,City Hotel,2015-11-24,3,27,85.67,0.2781,Medium,257.01,185.54
670,33893,Resort Hotel,2017-03-02,4,185,47.0,0.0132,Low,188.0,185.52
671,50846,City Hotel,2016-05-10,2,207,93.0,0.006,Low,186.0,184.88
672,50851,City Hotel,2016-05-10,2,207,93.0,0.006,Low,186.0,184.88
673,50855,City Hotel,2016-05-10,2,207,93.0,0.006,Low,186.0,184.88
674,50856,City Hotel,2016-05-10,2,207,93.0,0.006,Low,186.0,184.88
675,50863,City Hotel,2016-05-10,2,207,93.0,0.006,Low,186.0,184.88
676,33917,Resort Hotel,2017-03-02,4,185,47.0,0.0172,Low,188.0,184.77
677,56403,City Hotel,2016-09-05,1,5,187.0,0.012,Low,187.0,184.76
678,86141,City Hotel,2016-03-25,3,4,65.0,0.0675,Low,195.0,181.84
679,97524,City Hotel,2016-09-16,2,44,91.0,0.0061,Low,182.0,180.89
680,97558,City Hotel,2016-09-16,2,44,91.0,0.0061,Low,182.0,180.89
681,97565,City Hotel,2016-09-16,2,44,91.0,0.0061,Low,182.0,180.89
682,44383,City Hotel,2015-10-05,2,77,90.6,0.0027,Low,181.2,180.71
683,44654,City Hotel,2015-10-09,2,49,120.0,0.2495,Low,240.0,180.12
684,50597,City Hotel,2016-05-05,3,259,65.0,0.0772,Low,195.0,179.95
685,50664,City Hotel,2016-05-05,3,259,65.0,0.0772,Low,195.0,179.95
686,50683,City Hotel,2016-05-05,3,259,65.0,0.0772,Low,195.0,179.95
687,46358,City Hotel,2015-12-30,3,111,70.67,0.1543,Low,212.01,179.3
688,32974,Resort Hotel,2017-02-06,5,4,48.0,0.2537,Medium,240.0,179.11
689,108303,City Hotel,2017-03-19,7,5,65.0,0.6069,High,455.0,178.86
690,56959,City Hotel,2016-09-16,2,379,90.0,0.0064,Low,180.0,178.85
691,56960,City Hotel,2016-09-16,2,379,90.0,0.0064,Low,180.0,178.85
692,56973,City Hotel,2016-09-16,2,379,90.0,0.0064,Low,180.0,178.85
693,56975,City Hotel,2016-09-16,2,379,90.0,0.0064,Low,180.0,178.85
694,56979,City Hotel,2016-09-16,2,379,90.0,0.0064,Low,180.0,178.85
695,56982,City Hotel,2016-09-16,2,379,90.0,0.0064,Low,180.0,178.85
696,35535,Resort Hotel,2017-04-25,2,1,90.0,0.0113,Low,180.0,177.97
697,35534,Resort Hotel,2017-04-25,2,34,90.0,0.0117,Low,180.0,177.89
698,53311,City Hotel,2016-06-17,3,108,72.0,0.1776,Low,216.0,177.64
699,45637,City Hotel,2015-11-18,3,87,75.0,0.2131,Low,225.0,177.05
700,45642,City Hotel,2015-11-18,3,87,75.0,0.2131,Low,225.0,177.05
701,45652,City Hotel,2015-11-18,3,87,75.0,0.2131,Low,225.0,177.05
702,45653,City Hotel,2015-11-18,3,87,75.0,0.2131,Low,225.0,177.05
703,45654,City Hotel,2015-11-18,3,87,75.0,0.2131,Low,225.0,177.05
704,45655,City Hotel,2015-11-18,3,87,75.0,0.2131,Low,225.0,177.05
705,45659,City Hotel,2015-11-18,3,87,75.0,0.2131,Low,225.0,177.05
706,45660,City Hotel,2015-11-18,3,87,75.0,0.2131,Low,225.0,177.05
707,45665,City Hotel,2015-11-18,3,87,75.0,0.2131,Low,225.0,177.05
708,45666,City Hotel,2015-11-18,3,87,75.0,0.2131,Low,225.0,177.05
709,45676,City Hotel,2015-11-18,3,87,75.0,0.2131,Low,225.0,177.05
710,45680,City Hotel,2015-11-18,3,87,75.0,0.2131,Low,225.0,177.05
711,45681,City Hotel,2015-11-18,3,87,75.0,0.2131,Low,225.0,177.05
712,45684,City Hotel,2015-11-18,3,87,75.0,0.2131,Low,225.0,177.05
713,45685,City Hotel,2015-11-18,3,87,75.0,0.2131,Low,225.0,177.05
714,45689,City Hotel,2015-11-18,3,87,75.0,0.2131,Low,225.0,177.05
715,45698,City Hotel,2015-11-18,3,87,75.0,0.2131,Low,225.0,177.05
716,45702,City Hotel,2015-11-18,3,87,75.0,0.2131,Low,225.0,177.05
717,45703,City Hotel,2015-11-18,3,87,75.0,0.2131,Low,225.0,177.05
718,52695,City Hotel,2016-06-09,3,48,73.33,0.1982,Low,219.99,176.39
719,52719,City Hotel,2016-06-09,3,48,73.33,0.1982,Low,219.99,176.39
720,110996,City Hotel,2017-05-02,3,46,120.0,0.5105,High,360.0,176.22
721,45636,City Hotel,2015-11-18,3,87,65.0,0.098,Low,195.0,175.89
722,45638,City Hotel,2015-11-18,3,87,65.0,0.098,Low,195.0,175.89
723,45639,City Hotel,2015-11-18,3,87,65.0,0.098,Low,195.0,175.89
724,45640,City Hotel,2015-11-18,3,87,65.0,0.098,Low,195.0,175.89
725,45641,City Hotel,2015-11-18,3,87,65.0,0.098,Low,195.0,175.89
726,45643,City Hotel,2015-11-18,3,87,65.0,0.098,Low,195.0,175.89
727,45644,City Hotel,2015-11-18,3,87,65.0,0.098,Low,195.0,175.89
728,45645,City Hotel,2015-11-18,3,87,65.0,0.098,Low,195.0,175.89
729,45648,City Hotel,2015-11-18,3,87,65.0,0.098,Low,195.0,175.89
730,45649,City Hotel,2015-11-18,3,87,65.0,0.098,Low,195.0,175.89
731,45650,City Hotel,2015-11-18,3,87,65.0,0.098,Low,195.0,175.89
732,45651,City Hotel,2015-11-18,3,87,65.0,0.098,Low,195.0,175.89
733,45656,City Hotel,2015-11-18,3,87,65.0,0.098,Low,195.0,175.89
734,45657,City Hotel,2015-11-18,3,87,65.0,0.098,Low,195.0,175.89
735,45658,City Hotel,2015-11-18,3,87,65.0,0.098,Low,195.0,175.89
736,45662,City Hotel,2015-11-18,3,87,65.0,0.098,Low,195.0,175.89
737,45663,City Hotel,2015-11-18,3,87,65.0,0.098,Low,195.0,175.89
738,45664,City Hotel,2015-11-18,3,87,65.0,0.098,Low,195.0,175.89
739,45667,City Hotel,2015-11-18,3,87,65.0,0.098,Low,195.0,175.89
740,45668,City Hotel,2015-11-18,3,87,65.0,0.098,Low,195.0,175.89
741,45669,City Hotel,2015-11-18,3,87,65.0,0.098,Low,195.0,175.89
742,45670,City Hotel,2015-11-18,3,87,65.0,0.098,Low,195.0,175.89
743,45671,City Hotel,2015-11-18,3,87,65.0,0.098,Low,195.0,175.89
744,45673,City Hotel,2015-11-18,3,87,65.0,0.098,Low,195.0,175.89
745,45674,City Hotel,2015-11-18,3,87,65.0,0.098,Low,195.0,175.89
746,45675,City Hotel,2015-11-18,3,87,65.0,0.098,Low,195.0,175.89
747,45677,City Hotel,2015-11-18,3,87,65.0,0.098,Low,195.0,175.89
748,45678,City Hotel,2015-11-18,3,87,65.0,0.098,Low,195.0,175.89
749,45679,City Hotel,2015-11-18,3,87,65.0,0.098,Low,195.0,175.89
750,45683,City Hotel,2015-11-18,3,87,65.0,0.098,Low,195.0,175.89
751,45686,City Hotel,2015-11-18,3,87,65.0,0.098,Low,195.0,175.89
752,45687,City Hotel,2015-11-18,3,87,65.0,0.098,Low,195.0,175.89
753,45688,City Hotel,2015-11-18,3,87,65.0,0.098,Low,195.0,175.89
754,45691,City Hotel,2015-11-18,3,87,65.0,0.098,Low,195.0,175.89
755,45692,City Hotel,2015-11-18,3,87,65.0,0.098,Low,195.0,175.89
756,45693,City Hotel,2015-11-18,3,87,65.0,0.098,Low,195.0,175.89
757,45694,City Hotel,2015-11-18,3,87,65.0,0.098,Low,195.0,175.89
758,45699,City Hotel,2015-11-18,3,87,65.0,0.098,Low,195.0,175.89
759,45700,City Hotel,2015-11-18,3,87,65.0,0.098,Low,195.0,175.89
760,45701,City Hotel,2015-11-18,3,87,65.0,0.098,Low,195.0,175.89
761,45705,City Hotel,2015-11-18,3,87,65.0,0.098,Low,195.0,175.89
762,57985,City Hotel,2016-10-04,6,162,80.0,0.6348,High,480.0,175.3
763,57990,City Hotel,2016-10-04,6,162,80.0,0.6348,High,480.0,175.3
764,57991,City Hotel,2016-10-04,6,162,80.0,0.6348,High,480.0,175.3
765,57993,City Hotel,2016-10-04,6,162,80.0,0.6348,High,480.0,175.3
766,57994,City Hotel,2016-10-04,6,162,80.0,0.6348,High,480.0,175.3
767,57995,City Hotel,2016-10-04,6,162,80.0,0.6348,High,480.0,175.3
768,57996,City Hotel,2016-10-04,6,162,80.0,0.6348,High,480.0,175.3
769,57998,City Hotel,2016-10-04,6,162,80.0,0.6348,High,480.0,175.3
770,57999,City Hotel,2016-10-04,6,162,80.0,0.6348,High,480.0,175.3
771,58000,City Hotel,2016-10-04,6,162,80.0,0.6348,High,480.0,175.3
772,58002,City Hotel,2016-10-04,6,162,80.0,0.6348,High,480.0,175.3
773,33210,Resort Hotel,2017-02-13,4,113,44.0,0.0059,Low,176.0,174.96
774,50601,City Hotel,2016-05-05,3,259,71.0,0.1795,Low,213.0,174.77
775,43677,City Hotel,2015-09-23,1,33,206.0,0.1549,Low,206.0,174.09
776,98146,City Hotel,2016-09-22,3,178,58.17,0.0064,Low,174.51,173.39
777,46771,City Hotel,2016-01-19,2,63,86.5,0.0018,Low,173.0,172.69
778,45632,City Hotel,2015-11-17,4,87,65.0,0.3451,Medium,260.0,170.27
779,11444,Resort Hotel,2017-05-08,7,61,80.0,0.6967,High,560.0,169.85
780,100129,City Hotel,2016-10-21,2,74,85.0,0.0031,Low,170.0,169.47
781,32863,Resort Hotel,2017-02-06,2,4,120.0,0.2947,Medium,240.0,169.27
782,87275,City Hotel,2016-04-15,2,56,85.0,0.0045,Low,170.0,169.24
783,105003,City Hotel,2017-01-25,2,13,85.0,0.0087,Low,170.0,168.52
784,46814,City Hotel,2016-01-19,3,63,70.67,0.2054,Low,212.01,168.46
785,33188,Resort Hotel,2017-02-13,4,113,78.0,0.4605,Medium,312.0,168.32
786,80866,City Hotel,2015-11-24,3,27,67.83,0.1834,Low,203.49,166.17
787,80882,City Hotel,2015-11-24,3,27,67.83,0.1834,Low,203.49,166.17
788,80884,City Hotel,2015-11-24,3,27,67.83,0.1834,Low,203.49,166.17
789,80887,City Hotel,2015-11-24,3,27,67.83,0.1834,Low,203.49,166.17
790,43653,City Hotel,2015-09-22,2,65,83.0,0.0014,Low,166.0,165.77
791,43657,City Hotel,2015-09-22,2,65,83.0,0.0014,Low,166.0,165.77
792,56706,City Hotel,2016-09-11,2,14,130.0,0.3775,Medium,260.0,161.85
793,46774,City Hotel,2016-01-19,3,63,80.0,0.3263,Medium,240.0,161.69
794,46775,City Hotel,2016-01-19,3,63,80.0,0.3263,Medium,240.0,161.69
795,46779,City Hotel,2016-01-19,3,63,80.0,0.3263,Medium,240.0,161.69
796,46780,City Hotel,2016-01-19,3,63,80.0,0.3263,Medium,240.0,161.69
797,46781,City Hotel,2016-01-19,3,63,80.0,0.3263,Medium,240.0,161.69
798,46782,City Hotel,2016-01-19,3,63,80.0,0.3263,Medium,240.0,161.69
799,46783,City Hotel,2016-01-19,3,63,80.0,0.3263,Medium,240.0,161.69
800,46787,City Hotel,2016-01-19,3,63,80.0,0.3263,Medium,240.0,161.69
801,46788,City Hotel,2016-01-19,3,63,80.0,0.3263,Medium,240.0,161.69
802,46789,City Hotel,2016-01-19,3,63,80.0,0.3263,Medium,240.0,161.69
803,46790,City Hotel,2016-01-19,3,63,80.0,0.3263,Medium,240.0,161.69
804,46791,City Hotel,2016-01-19,3,63,80.0,0.3263,Medium,240.0,161.69
805,46795,City Hotel,2016-01-19,3,63,80.0,0.3263,Medium,240.0,161.69
806,46796,City Hotel,2016-01-19,3,63,80.0,0.3263,Medium,240.0,161.69
807,46798,City Hotel,2016-01-19,3,63,80.0,0.3263,Medium,240.0,161.69
808,46799,City Hotel,2016-01-19,3,63,80.0,0.3263,Medium,240.0,161.69
809,46804,City Hotel,2016-01-19,3,63,80.0,0.3263,Medium,240.0,161.69
810,46812,City Hotel,2016-01-19,3,63,80.0,0.3263,Medium,240.0,161.69
811,46813,City Hotel,2016-01-19,3,63,80.0,0.3263,Medium,240.0,161.69
812,46815,City Hotel,2016-01-19,3,63,80.0,0.3263,Medium,240.0,161.69
813,46816,City Hotel,2016-01-19,3,63,80.0,0.3263,Medium,240.0,161.69
814,46817,City Hotel,2016-01-19,3,63,80.0,0.3263,Medium,240.0,161.69
815,46820,City Hotel,2016-01-19,3,63,80.0,0.3263,Medium,240.0,161.69
816,46821,City Hotel,2016-01-19,3,63,80.0,0.3263,Medium,240.0,161.69
817,46824,City Hotel,2016-01-19,3,63,80.0,0.3263,Medium,240.0,161.69
818,46826,City Hotel,2016-01-19,3,63,80.0,0.3263,Medium,240.0,161.69
819,98881,City Hotel,2016-10-04,2,162,130.0,0.3849,Medium,260.0,159.93
820,86880,City Hotel,2016-04-09,2,72,90.0,0.1272,Low,180.0,157.1
821,83053,City Hotel,2016-01-14,3,43,52.0,0.0006,Low,156.0,155.91
822,83057,City Hotel,2016-01-14,3,43,52.0,0.0006,Low,156.0,155.91
823,83061,City Hotel,2016-01-14,3,43,52.0,0.0006,Low,156.0,155.91
824,83054,City Hotel,2016-01-14,3,43,52.0,0.0007,Low,156.0,155.89
825,83056,City Hotel,2016-01-14,3,43,52.0,0.0007,Low,156.0,155.89
826,83059,City Hotel,2016-01-14,3,43,52.0,0.0007,Low,156.0,155.89
827,83060,City Hotel,2016-01-14,3,43,52.0,0.0007,Low,156.0,155.89
828,83062,City Hotel,2016-01-14,3,43,52.0,0.0007,Low,156.0,155.89
829,83064,City Hotel,2016-01-14,3,43,52.0,0.0007,Low,156.0,155.89
830,83065,City Hotel,2016-01-14,3,43,52.0,0.0007,Low,156.0,155.89
831,83063,City Hotel,2016-01-14,3,43,52.0,0.001,Low,156.0,155.84
832,44186,City Hotel,2015-10-02,2,59,100.0,0.222,Low,200.0,155.6
833,30412,Resort Hotel,2016-11-18,3,116,52.0,0.0076,Low,156.0,154.81
834,107882,City Hotel,2017-03-16,4,223,39.0,0.0076,Low,156.0,154.81
835,65359,City Hotel,2017-04-01,3,50,98.0,0.4797,Medium,294.0,152.97
836,83058,City Hotel,2016-01-14,3,43,51.0,0.0003,Low,153.0,152.95
837,93586,City Hotel,2016-07-22,2,96,76.5,0.0026,Low,153.0,152.6
838,93587,City Hotel,2016-07-22,2,96,76.5,0.0026,Low,153.0,152.6
839,93590,City Hotel,2016-07-22,2,96,76.5,0.0026,Low,153.0,152.6
840,93591,City Hotel,2016-07-22,2,96,76.5,0.0026,Low,153.0,152.6
841,93593,City Hotel,2016-07-22,2,96,76.5,0.0026,Low,153.0,152.6
842,93594,City Hotel,2016-07-22,2,96,76.5,0.0026,Low,153.0,152.6
843,93600,City Hotel,2016-07-22,2,96,76.5,0.0026,Low,153.0,152.6
844,93604,City Hotel,2016-07-22,2,96,76.5,0.0026,Low,153.0,152.6
845,93605,City Hotel,2016-07-22,2,96,76.5,0.0026,Low,153.0,152.6
846,93606,City Hotel,2016-07-22,2,96,76.5,0.0026,Low,153.0,152.6
847,93607,City Hotel,2016-07-22,2,96,76.5,0.0026,Low,153.0,152.6
848,93608,City Hotel,2016-07-22,2,96,76.5,0.0026,Low,153.0,152.6
849,93613,City Hotel,2016-07-22,2,96,76.5,0.0026,Low,153.0,152.6
850,93619,City Hotel,2016-07-22,2,96,76.5,0.0026,Low,153.0,152.6
851,93632,City Hotel,2016-07-22,2,96,76.5,0.0026,Low,153.0,152.6
852,93633,City Hotel,2016-07-22,2,96,76.5,0.0026,Low,153.0,152.6
853,93636,City Hotel,2016-07-22,2,96,76.5,0.0026,Low,153.0,152.6
854,50852,City Hotel,2016-05-10,2,207,76.0,0.002,Low,152.0,151.7
855,50857,City Hotel,2016-05-10,2,207,76.0,0.002,Low,152.0,151.7
856,50859,City Hotel,2016-05-10,2,207,76.0,0.002,Low,152.0,151.7
857,50864,City Hotel,2016-05-10,2,207,76.0,0.002,Low,152.0,151.7
858,50865,City Hotel,2016-05-10,2,207,76.0,0.0041,Low,152.0,151.38
859,46344,City Hotel,2015-12-30,3,111,70.0,0.2802,Medium,210.0,151.16
860,46347,City Hotel,2015-12-30,3,111,70.0,0.2802,Medium,210.0,151.16
861,46353,City Hotel,2015-12-30,3,111,70.0,0.2802,Medium,210.0,151.16
862,46354,City Hotel,2015-12-30,3,111,70.0,0.2802,Medium,210.0,151.16
863,46356,City Hotel,2015-12-30,3,111,70.0,0.2802,Medium,210.0,151.16
864,46359,City Hotel,2015-12-30,3,111,70.0,0.2802,Medium,210.0,151.16
865,46360,City Hotel,2015-12-30,3,111,70.0,0.2802,Medium,210.0,151.16
866,46361,City Hotel,2015-12-30,3,111,70.0,0.2802,Medium,210.0,151.16
867,50602,City Hotel,2016-05-05,3,259,65.0,0.2261,Low,195.0,150.91
868,44623,City Hotel,2015-10-09,2,50,108.0,0.303,Medium,216.0,150.55
869,44627,City Hotel,2015-10-09,2,50,108.0,0.303,Medium,216.0,150.55
870,44632,City Hotel,2015-10-09,2,50,108.0,0.303,Medium,216.0,150.55
871,44637,City Hotel,2015-10-09,2,50,108.0,0.303,Medium,216.0,150.55
872,44638,City Hotel,2015-10-09,2,50,108.0,0.303,Medium,216.0,150.55
873,44646,City Hotel,2015-10-09,2,50,108.0,0.303,Medium,216.0,150.55
874,44647,City Hotel,2015-10-09,2,50,108.0,0.303,Medium,216.0,150.55
875,44656,City Hotel,2015-10-09,2,50,108.0,0.303,Medium,216.0,150.55
876,44658,City Hotel,2015-10-09,2,50,108.0,0.303,Medium,216.0,150.55
877,44661,City Hotel,2015-10-09,2,50,108.0,0.303,Medium,216.0,150.55
878,102497,City Hotel,2016-11-28,2,10,80.0,0.0658,Low,160.0,149.47
879,98157,City Hotel,2016-09-22,3,178,95.67,0.4814,Medium,287.01,148.84
880,98158,City Hotel,2016-09-22,3,178,95.67,0.4814,Medium,287.01,148.84
881,44541,City Hotel,2015-10-07,4,58,65.0,0.4404,Medium,260.0,145.5
882,44548,City Hotel,2015-10-07,4,58,65.0,0.4404,Medium,260.0,145.5
883,44554,City Hotel,2015-10-07,4,58,65.0,0.4404,Medium,260.0,145.5
884,100271,City Hotel,2016-10-23,2,6,125.0,0.4204,Medium,250.0,144.9
885,53016,City Hotel,2016-06-15,2,39,130.0,0.444,Medium,260.0,144.56
886,46752,City Hotel,2016-01-19,2,63,71.0,0.0006,Low,142.0,141.91
887,46757,City Hotel,2016-01-19,2,63,71.0,0.0006,Low,142.0,141.91
888,46766,City Hotel,2016-01-19,2,63,71.0,0.0006,Low,142.0,141.91
889,46807,City Hotel,2016-01-19,2,63,71.0,0.0008,Low,142.0,141.89
890,46809,City Hotel,2016-01-19,2,63,71.0,0.0008,Low,142.0,141.89
891,46758,City Hotel,2016-01-19,2,63,71.0,0.0009,Low,142.0,141.87
892,46755,City Hotel,2016-01-19,2,63,71.0,0.0011,Low,142.0,141.84
893,46763,City Hotel,2016-01-19,2,63,71.0,0.0012,Low,142.0,141.83
894,46759,City Hotel,2016-01-19,2,63,71.0,0.0013,Low,142.0,141.82
895,46764,City Hotel,2016-01-19,2,63,71.0,0.0013,Low,142.0,141.82
896,46761,City Hotel,2016-01-19,2,63,71.0,0.0015,Low,142.0,141.79
897,46754,City Hotel,2016-01-19,2,63,71.0,0.0016,Low,142.0,141.77
898,46769,City Hotel,2016-01-19,2,63,70.0,0.0005,Low,140.0,139.93
899,83066,City Hotel,2016-01-14,3,43,52.0,0.1031,Low,156.0,139.92
900,45388,City Hotel,2015-10-28,3,58,75.33,0.3816,Medium,225.99,139.75
901,45395,City Hotel,2015-10-28,3,58,75.33,0.3816,Medium,225.99,139.75
902,45416,City Hotel,2015-10-28,3,58,75.33,0.3816,Medium,225.99,139.75
903,45427,City Hotel,2015-10-28,3,58,75.33,0.3816,Medium,225.99,139.75
904,44377,City Hotel,2015-10-05,2,40,70.0,0.0079,Low,140.0,138.89
905,44378,City Hotel,2015-10-05,2,40,70.0,0.0079,Low,140.0,138.89
906,44384,City Hotel,2015-10-05,2,40,70.0,0.0079,Low,140.0,138.89
907,44388,City Hotel,2015-10-05,2,40,70.0,0.0079,Low,140.0,138.89
908,44408,City Hotel,2015-10-05,2,40,70.0,0.0079,Low,140.0,138.89
909,83052,City Hotel,2016-01-14,3,43,52.0,0.1099,Low,156.0,138.86
910,83055,City Hotel,2016-01-14,3,43,52.0,0.1099,Low,156.0,138.86
911,111442,City Hotel,2017-05-10,1,1,140.0,0.0088,Low,140.0,138.77
912,44621,City Hotel,2015-10-09,2,50,136.0,0.4918,Medium,272.0,138.23
913,44622,City Hotel,2015-10-09,2,50,136.0,0.4918,Medium,272.0,138.23
914,44624,City Hotel,2015-10-09,2,50,136.0,0.4918,Medium,272.0,138.23
915,44628,City Hotel,2015-10-09,2,50,136.0,0.4918,Medium,272.0,138.23
916,44629,City Hotel,2015-10-09,2,50,136.0,0.4918,Medium,272.0,138.23
917,44633,City Hotel,2015-10-09,2,50,136.0,0.4918,Medium,272.0,138.23
918,44634,City Hotel,2015-10-09,2,50,136.0,0.4918,Medium,272.0,138.23
919,44639,City Hotel,2015-10-09,2,50,136.0,0.4918,Medium,272.0,138.23
920,44643,City Hotel,2015-10-09,2,50,136.0,0.4918,Medium,272.0,138.23
921,44645,City Hotel,2015-10-09,2,50,136.0,0.4918,Medium,272.0,138.23
922,44648,City Hotel,2015-10-09,2,50,136.0,0.4918,Medium,272.0,138.23
923,44649,City Hotel,2015-10-09,2,50,136.0,0.4918,Medium,272.0,138.23
924,44650,City Hotel,2015-10-09,2,50,136.0,0.4918,Medium,272.0,138.23
925,44651,City Hotel,2015-10-09,2,50,136.0,0.4918,Medium,272.0,138.23
926,44657,City Hotel,2015-10-09,2,50,136.0,0.4918,Medium,272.0,138.23
927,44662,City Hotel,2015-10-09,2,50,136.0,0.4918,Medium,272.0,138.23
928,44385,City Hotel,2015-10-05,2,40,98.0,0.2974,Medium,196.0,137.71
929,93602,City Hotel,2016-07-22,2,96,76.5,0.1052,Low,153.0,136.9
930,93603,City Hotel,2016-07-22,2,96,76.5,0.1052,Low,153.0,136.9
931,44399,City Hotel,2015-10-05,2,77,90.6,0.2484,Low,181.2,136.19
932,44400,City Hotel,2015-10-05,2,77,90.6,0.2484,Low,181.2,136.19
933,44407,City Hotel,2015-10-05,2,77,90.6,0.2484,Low,181.2,136.19
934,99173,City Hotel,2016-10-07,3,68,45.33,0.0005,Low,135.99,135.92
935,87764,City Hotel,2016-04-22,4,48,63.5,0.4764,Medium,254.0,132.99
936,34246,Resort Hotel,2017-03-15,3,8,45.0,0.0222,Low,135.0,132.0
937,44545,City Hotel,2015-10-07,4,89,89.25,0.6303,High,357.0,131.98
938,57986,City Hotel,2016-10-04,6,162,90.0,0.7557,High,540.0,131.92
939,57989,City Hotel,2016-10-04,6,162,90.0,0.7557,High,540.0,131.92
940,57992,City Hotel,2016-10-04,6,162,90.0,0.7557,High,540.0,131.92
941,57997,City Hotel,2016-10-04,6,162,90.0,0.7557,High,540.0,131.92
942,58001,City Hotel,2016-10-04,6,162,90.0,0.7557,High,540.0,131.92
943,58003,City Hotel,2016-10-04,6,162,90.0,0.7557,High,540.0,131.92
944,45385,City Hotel,2015-10-28,3,58,85.67,0.4901,Medium,257.01,131.05
945,45386,City Hotel,2015-10-28,3,58,85.67,0.4901,Medium,257.01,131.05
946,45392,City Hotel,2015-10-28,3,58,85.67,0.4901,Medium,257.01,131.05
947,45393,City Hotel,2015-10-28,3,58,85.67,0.4901,Medium,257.01,131.05
948,45400,City Hotel,2015-10-28,3,58,85.67,0.4901,Medium,257.01,131.05
949,45401,City Hotel,2015-10-28,3,58,85.67,0.4901,Medium,257.01,131.05
950,45411,City Hotel,2015-10-28,3,58,85.67,0.4901,Medium,257.01,131.05
951,45413,City Hotel,2015-10-28,3,58,85.67,0.4901,Medium,257.01,131.05
952,45417,City Hotel,2015-10-28,3,58,85.67,0.4901,Medium,257.01,131.05
953,45423,City Hotel,2015-10-28,3,58,85.67,0.4901,Medium,257.01,131.05
954,45431,City Hotel,2015-10-28,3,58,85.67,0.4901,Medium,257.01,131.05
955,112822,City Hotel,2017-05-27,2,98,128.0,0.4915,Medium,256.0,130.18
956,86832,City Hotel,2016-04-08,2,34,65.0,0.0018,Low,130.0,129.77
957,86850,City Hotel,2016-04-08,2,34,65.0,0.0018,Low,130.0,129.77
958,86851,City Hotel,2016-04-08,2,34,65.0,0.0018,Low,130.0,129.77
959,86855,City Hotel,2016-04-08,2,34,65.0,0.0018,Low,130.0,129.77
960,91701,City Hotel,2016-06-24,2,61,65.0,0.0022,Low,130.0,129.71
961,91703,City Hotel,2016-06-24,2,61,65.0,0.0022,Low,130.0,129.71
962,91719,City Hotel,2016-06-24,2,61,65.0,0.0022,Low,130.0,129.71
963,91723,City Hotel,2016-06-24,2,61,65.0,0.0022,Low,130.0,129.71
964,91742,City Hotel,2016-06-24,2,61,65.0,0.0022,Low,130.0,129.71
965,91757,City Hotel,2016-06-24,2,61,65.0,0.0022,Low,130.0,129.71
966,91758,City Hotel,2016-06-24,2,61,65.0,0.0022,Low,130.0,129.71
967,91759,City Hotel,2016-06-24,2,61,65.0,0.0022,Low,130.0,129.71
968,91760,City Hotel,2016-06-24,2,61,65.0,0.0022,Low,130.0,129.71
969,91763,City Hotel,2016-06-24,2,61,65.0,0.0022,Low,130.0,129.71
970,91856,City Hotel,2016-06-24,2,61,65.0,0.0022,Low,130.0,129.71
971,91865,City Hotel,2016-06-24,2,61,65.0,0.0022,Low,130.0,129.71
972,97632,City Hotel,2016-09-17,2,38,65.0,0.0029,Low,130.0,129.62
973,44402,City Hotel,2015-10-05,2,40,65.0,0.0031,Low,130.0,129.6
974,86188,City Hotel,2016-03-26,3,4,43.33,0.0032,Low,129.99,129.57
975,98556,City Hotel,2016-09-30,2,38,65.0,0.0034,Low,130.0,129.56
976,98557,City Hotel,2016-09-30,2,38,65.0,0.0034,Low,130.0,129.56
977,98575,City Hotel,2016-09-30,2,38,65.0,0.0034,Low,130.0,129.56
978,98578,City Hotel,2016-09-30,2,38,65.0,0.0034,Low,130.0,129.56
979,98579,City Hotel,2016-09-30,2,38,65.0,0.0034,Low,130.0,129.56
980,98582,City Hotel,2016-09-30,2,38,65.0,0.0034,Low,130.0,129.56
981,98583,City Hotel,2016-09-30,2,38,65.0,0.0034,Low,130.0,129.56
982,98584,City Hotel,2016-09-30,2,38,65.0,0.0034,Low,130.0,129.56
983,98586,City Hotel,2016-09-30,2,38,65.0,0.0034,Low,130.0,129.56
984,98587,City Hotel,2016-09-30,2,38,65.0,0.0034,Low,130.0,129.56
985,98588,City Hotel,2016-09-30,2,38,65.0,0.0034,Low,130.0,129.56
986,98590,City Hotel,2016-09-30,2,38,65.0,0.0034,Low,130.0,129.56
987,98591,City Hotel,2016-09-30,2,38,65.0,0.0034,Low,130.0,129.56
988,98593,City Hotel,2016-09-30,2,38,65.0,0.0034,Low,130.0,129.56
989,98594,City Hotel,2016-09-30,2,38,65.0,0.0034,Low,130.0,129.56
990,98595,City Hotel,2016-09-30,2,38,65.0,0.0034,Low,130.0,129.56
991,98596,City Hotel,2016-09-30,2,38,65.0,0.0034,Low,130.0,129.56
992,98598,City Hotel,2016-09-30,2,38,65.0,0.0034,Low,130.0,129.56
993,98602,City Hotel,2016-09-30,2,38,65.0,0.0034,Low,130.0,129.56
994,98608,City Hotel,2016-09-30,2,38,65.0,0.0034,Low,130.0,129.56
995,97634,City Hotel,2016-09-17,2,38,65.0,0.0037,Low,130.0,129.52
996,97641,City Hotel,2016-09-17,2,38,65.0,0.0037,Low,130.0,129.52
997,97644,City Hotel,2016-09-17,2,38,65.0,0.0037,Low,130.0,129.52
998,97646,City Hotel,2016-09-17,2,38,65.0,0.0037,Low,130.0,129.52
999,97647,City Hotel,2016-09-17,2,38,65.0,0.0037,Low,130.0,129.52
1000,97666,City Hotel,2016-09-17,2,38,65.0,0.0037,Low,130.0,129.52
1001,97668,City Hotel,2016-09-17,2,38,65.0,0.0037,Low,130.0,129.52
1002,97669,City Hotel,2016-09-17,2,38,65.0,0.0037,Low,130.0,129.52
1003,97676,City Hotel,2016-09-17,2,38,65.0,0.0037,Low,130.0,129.52
1004,97678,City Hotel,2016-09-17,2,38,65.0,0.0037,Low,130.0,129.52
1005,97684,City Hotel,2016-09-17,2,38,65.0,0.0037,Low,130.0,129.52
1006,97686,City Hotel,2016-09-17,2,38,65.0,0.0037,Low,130.0,129.52
1007,98564,City Hotel,2016-09-30,2,38,65.0,0.0038,Low,130.0,129.51
1008,98614,City Hotel,2016-09-30,2,38,65.0,0.0047,Low,130.0,129.39
1009,86866,City Hotel,2016-04-08,2,34,65.0,0.0077,Low,130.0,129.0
1010,46773,City Hotel,2016-01-19,2,63,80.0,0.2002,Low,160.0,127.97
1011,91697,City Hotel,2016-06-24,2,61,65.0,0.0189,Low,130.0,127.54
1012,83252,City Hotel,2016-01-25,2,15,64.0,0.005,Low,128.0,127.36
1013,83259,City Hotel,2016-01-25,2,15,64.0,0.0074,Low,128.0,127.05
1014,44382,City Hotel,2015-10-05,2,77,112.2,0.4351,Medium,224.4,126.76
1015,44386,City Hotel,2015-10-05,2,77,112.2,0.4351,Medium,224.4,126.76
1016,44387,City Hotel,2015-10-05,2,77,112.2,0.4351,Medium,224.4,126.76
1017,44389,City Hotel,2015-10-05,2,77,112.2,0.4351,Medium,224.4,126.76
1018,44393,City Hotel,2015-10-05,2,77,112.2,0.4351,Medium,224.4,126.76
1019,44395,City Hotel,2015-10-05,2,77,112.2,0.4351,Medium,224.4,126.76
1020,44404,City Hotel,2015-10-05,2,77,112.2,0.4351,Medium,224.4,126.76
1021,44406,City Hotel,2015-10-05,2,77,112.2,0.4351,Medium,224.4,126.76
1022,83254,City Hotel,2016-01-25,2,15,64.0,0.0112,Low,128.0,126.57
1023,44614,City Hotel,2015-10-08,3,53,65.45,0.3557,Medium,196.35,126.51
1024,93584,City Hotel,2016-07-22,2,96,64.25,0.0172,Low,128.5,126.29
1025,93595,City Hotel,2016-07-22,2,96,64.25,0.0172,Low,128.5,126.29
1026,93596,City Hotel,2016-07-22,2,96,64.25,0.0172,Low,128.5,126.29
1027,93598,City Hotel,2016-07-22,2,96,64.25,0.0172,Low,128.5,126.29
1028,93623,City Hotel,2016-07-22,2,96,64.25,0.0172,Low,128.5,126.29
1029,93635,City Hotel,2016-07-22,2,96,64.25,0.0172,Low,128.5,126.29
1030,83249,City Hotel,2016-01-25,2,15,64.0,0.0292,Low,128.0,124.26
1031,83253,City Hotel,2016-01-25,2,15,64.0,0.0292,Low,128.0,124.26
1032,83260,City Hotel,2016-01-25,2,15,64.0,0.0292,Low,128.0,124.26
1033,83279,City Hotel,2016-01-25,2,15,64.0,0.0292,Low,128.0,124.26
1034,83284,City Hotel,2016-01-25,2,15,64.0,0.0292,Low,128.0,124.26
1035,83285,City Hotel,2016-01-25,2,15,64.0,0.0292,Low,128.0,124.26
1036,83286,City Hotel,2016-01-25,2,15,64.0,0.0292,Low,128.0,124.26
1037,44218,City Hotel,2015-10-02,2,59,100.0,0.3792,Medium,200.0,124.16
1038,44249,City Hotel,2015-10-02,2,59,100.0,0.3792,Medium,200.0,124.16
1039,44250,City Hotel,2015-10-02,2,59,100.0,0.3792,Medium,200.0,124.16
1040,44252,City Hotel,2015-10-02,2,59,100.0,0.3792,Medium,200.0,124.16
1041,44253,City Hotel,2015-10-02,2,59,100.0,0.3792,Medium,200.0,124.16
1042,57502,City Hotel,2016-09-26,3,223,86.0,0.5211,High,258.0,123.56
1043,33178,Resort Hotel,2017-02-13,4,113,31.0,0.0071,Low,124.0,123.12
1044,57293,City Hotel,2016-09-23,2,330,65.0,0.0569,Low,130.0,122.6
1045,57294,City Hotel,2016-09-23,2,330,65.0,0.0569,Low,130.0,122.6
1046,57298,City Hotel,2016-09-23,2,330,65.0,0.0569,Low,130.0,122.6
1047,57299,City Hotel,2016-09-23,2,330,65.0,0.0569,Low,130.0,122.6
1048,57308,City Hotel,2016-09-23,2,330,65.0,0.0569,Low,130.0,122.6
1049,57312,City Hotel,2016-09-23,2,330,65.0,0.0569,Low,130.0,122.6
1050,57313,City Hotel,2016-09-23,2,330,65.0,0.0569,Low,130.0,122.6
1051,57316,City Hotel,2016-09-23,2,330,65.0,0.0569,Low,130.0,122.6
1052,57317,City Hotel,2016-09-23,2,330,65.0,0.0569,Low,130.0,122.6
1053,57321,City Hotel,2016-09-23,2,330,65.0,0.0569,Low,130.0,122.6
1054,57322,City Hotel,2016-09-23,2,330,65.0,0.0569,Low,130.0,122.6
1055,57323,City Hotel,2016-09-23,2,330,65.0,0.0569,Low,130.0,122.6
1056,57326,City Hotel,2016-09-23,2,330,65.0,0.0569,Low,130.0,122.6
1057,52331,City Hotel,2016-06-03,3,27,75.0,0.4566,Medium,225.0,122.26
1058,33513,Resort Hotel,2017-02-23,2,18,60.0,0.0047,Low,120.0,119.44
1059,89960,City Hotel,2016-05-30,1,25,120.0,0.0097,Low,120.0,118.84
1060,51128,City Hotel,2016-05-14,2,236,65.0,0.0945,Low,130.0,117.72
1061,51129,City Hotel,2016-05-14,2,236,65.0,0.0945,Low,130.0,117.72
1062,51134,City Hotel,2016-05-14,2,236,65.0,0.0945,Low,130.0,117.72
1063,51135,City Hotel,2016-05-14,2,236,65.0,0.0945,Low,130.0,117.72
1064,51136,City Hotel,2016-05-14,2,236,65.0,0.0945,Low,130.0,117.72
1065,51137,City Hotel,2016-05-14,2,236,65.0,0.0945,Low,130.0,117.72
1066,51140,City Hotel,2016-05-14,2,236,65.0,0.0945,Low,130.0,117.72
1067,51142,City Hotel,2016-05-14,2,236,65.0,0.0945,Low,130.0,117.72
1068,51144,City Hotel,2016-05-14,2,236,65.0,0.0945,Low,130.0,117.72
1069,51145,City Hotel,2016-05-14,2,236,65.0,0.0945,Low,130.0,117.72
1070,51147,City Hotel,2016-05-14,2,236,65.0,0.0945,Low,130.0,117.72
1071,51148,City Hotel,2016-05-14,2,236,65.0,0.0945,Low,130.0,117.72
1072,51149,City Hotel,2016-05-14,2,236,65.0,0.0945,Low,130.0,117.72
1073,51150,City Hotel,2016-05-14,2,236,65.0,0.0945,Low,130.0,117.72
1074,51151,City Hotel,2016-05-14,2,236,65.0,0.0945,Low,130.0,117.72
1075,51158,City Hotel,2016-05-14,2,236,65.0,0.0945,Low,130.0,117.72
1076,51159,City Hotel,2016-05-14,2,236,65.0,0.0945,Low,130.0,117.72
1077,51160,City Hotel,2016-05-14,2,236,65.0,0.0945,Low,130.0,117.72
1078,83265,City Hotel,2016-01-25,2,15,59.0,0.005,Low,118.0,117.41
1079,50721,City Hotel,2016-05-06,2,259,65.0,0.0979,Low,130.0,117.27
1080,34225,Resort Hotel,2017-03-15,3,13,40.0,0.0234,Low,120.0,117.19
1081,83256,City Hotel,2016-01-25,2,15,59.0,0.008,Low,118.0,117.06
1082,91754,City Hotel,2016-06-24,2,61,65.0,0.0998,Low,130.0,117.03
1083,97528,City Hotel,2016-09-21,1,44,117.0,0.0006,Low,117.0,116.93
1084,97535,City Hotel,2016-09-21,1,44,117.0,0.0006,Low,117.0,116.93
1085,97551,City Hotel,2016-09-21,1,44,117.0,0.0006,Low,117.0,116.93
1086,97561,City Hotel,2016-09-21,1,44,117.0,0.0006,Low,117.0,116.93
1087,97557,City Hotel,2016-09-21,1,44,117.0,0.0009,Low,117.0,116.89
1088,97491,City Hotel,2016-09-21,1,44,117.0,0.0037,Low,117.0,116.57
1089,97543,City Hotel,2016-09-21,1,44,117.0,0.0037,Low,117.0,116.57
1090,97553,City Hotel,2016-09-21,1,44,117.0,0.0037,Low,117.0,116.57
1091,97555,City Hotel,2016-09-21,1,44,117.0,0.0037,Low,117.0,116.57
1092,97564,City Hotel,2016-09-21,1,44,117.0,0.0037,Low,117.0,116.57
1093,97536,City Hotel,2016-09-16,2,44,58.5,0.0067,Low,117.0,116.22
1094,46770,City Hotel,2016-01-19,2,63,70.0,0.1781,Low,140.0,115.07
1095,11228,Resort Hotel,2017-04-29,3,121,85.0,0.5495,High,255.0,114.88
1096,86864,City Hotel,2016-04-08,2,34,57.5,0.0016,Low,115.0,114.82
1097,86840,City Hotel,2016-04-08,2,34,57.5,0.0132,Low,115.0,113.48
1098,86860,City Hotel,2016-04-08,2,34,57.5,0.0132,Low,115.0,113.48
1099,91729,City Hotel,2016-06-24,2,61,57.5,0.0152,Low,115.0,113.25
1100,46287,City Hotel,2015-12-29,3,99,37.5,0.0006,Low,112.5,112.43
1101,48622,City Hotel,2016-03-25,4,4,65.0,0.5694,High,260.0,111.96
1102,48623,City Hotel,2016-03-25,4,4,65.0,0.5694,High,260.0,111.96
1103,48627,City Hotel,2016-03-25,4,4,65.0,0.5694,High,260.0,111.96
1104,48628,City Hotel,2016-03-25,4,4,65.0,0.5694,High,260.0,111.96
1105,48629,City Hotel,2016-03-25,4,4,65.0,0.5694,High,260.0,111.96
1106,48631,City Hotel,2016-03-25,4,4,65.0,0.5694,High,260.0,111.96
1107,48636,City Hotel,2016-03-25,4,4,65.0,0.5694,High,260.0,111.96
1108,57307,City Hotel,2016-09-23,2,330,65.0,0.1388,Low,130.0,111.96
1109,44034,City Hotel,2015-09-30,1,77,112.2,0.0028,Low,112.2,111.89
1110,44035,City Hotel,2015-09-30,1,77,112.2,0.0028,Low,112.2,111.89
1111,44038,City Hotel,2015-09-30,1,77,112.2,0.0028,Low,112.2,111.89
1112,44055,City Hotel,2015-09-30,1,77,112.2,0.0028,Low,112.2,111.89
1113,44069,City Hotel,2015-09-30,1,77,112.2,0.0028,Low,112.2,111.89
1114,44078,City Hotel,2015-09-30,1,77,112.2,0.0028,Low,112.2,111.89
1115,44079,City Hotel,2015-09-30,1,77,112.2,0.0028,Low,112.2,111.89
1116,44391,City Hotel,2015-10-05,2,77,56.1,0.0032,Low,112.2,111.84
1117,3121,Resort Hotel,2015-11-18,6,65,18.5,0.0004,Low,111.0,110.96
1118,45271,City Hotel,2015-10-25,3,58,75.33,0.5178,High,225.99,108.97
1119,45272,City Hotel,2015-10-25,3,58,75.33,0.5178,High,225.99,108.97
1120,45300,City Hotel,2015-10-25,3,58,75.33,0.5178,High,225.99,108.97
1121,45301,City Hotel,2015-10-25,3,58,75.33,0.5178,High,225.99,108.97
1122,45318,City Hotel,2015-10-25,3,58,75.33,0.5178,High,225.99,108.97
1123,45323,City Hotel,2015-10-25,3,58,75.33,0.5178,High,225.99,108.97
1124,115990,City Hotel,2017-07-11,2,23,80.0,0.3197,Medium,160.0,108.85
1125,42253,City Hotel,2015-09-04,1,38,110.0,0.0127,Low,110.0,108.6
1126,42256,City Hotel,2015-09-04,1,38,110.0,0.0127,Low,110.0,108.6
1127,42258,City Hotel,2015-09-04,1,38,110.0,0.0127,Low,110.0,108.6
1128,42300,City Hotel,2015-09-04,1,38,110.0,0.0127,Low,110.0,108.6
1129,42302,City Hotel,2015-09-04,1,38,110.0,0.0127,Low,110.0,108.6
1130,44540,City Hotel,2015-10-07,4,58,70.0,0.6184,High,280.0,106.85
1131,44542,City Hotel,2015-10-07,4,58,70.0,0.6184,High,280.0,106.85
1132,44543,City Hotel,2015-10-07,4,58,70.0,0.6184,High,280.0,106.85
1133,44546,City Hotel,2015-10-07,4,58,70.0,0.6184,High,280.0,106.85
1134,44547,City Hotel,2015-10-07,4,58,70.0,0.6184,High,280.0,106.85
1135,44550,City Hotel,2015-10-07,4,58,70.0,0.6184,High,280.0,106.85
1136,44553,City Hotel,2015-10-07,4,58,70.0,0.6184,High,280.0,106.85
1137,44556,City Hotel,2015-10-07,4,58,70.0,0.6184,High,280.0,106.85
1138,44557,City Hotel,2015-10-07,4,58,70.0,0.6184,High,280.0,106.85
1139,44558,City Hotel,2015-10-07,4,58,70.0,0.6184,High,280.0,106.85
1140,44559,City Hotel,2015-10-07,4,58,70.0,0.6184,High,280.0,106.85
1141,86846,City Hotel,2016-04-08,2,34,57.5,0.081,Low,115.0,105.68
1142,46753,City Hotel,2016-01-19,2,63,71.0,0.2696,Medium,142.0,103.72
1143,46762,City Hotel,2016-01-19,2,63,71.0,0.2696,Medium,142.0,103.72
1144,46765,City Hotel,2016-01-19,2,63,71.0,0.2696,Medium,142.0,103.72
1145,46767,City Hotel,2016-01-19,2,63,71.0,0.2696,Medium,142.0,103.72
1146,46768,City Hotel,2016-01-19,2,63,71.0,0.2696,Medium,142.0,103.72
1147,46772,City Hotel,2016-01-19,2,63,71.0,0.2696,Medium,142.0,103.72
1148,46808,City Hotel,2016-01-19,2,63,71.0,0.2696,Medium,142.0,103.72
1149,93272,City Hotel,2016-07-18,2,27,85.0,0.4074,Medium,170.0,100.74
1150,103985,City Hotel,2016-12-29,5,35,20.0,0.0024,Low,100.0,99.76
1151,32110,Resort Hotel,2017-01-15,2,83,55.0,0.1013,Low,110.0,98.86
1152,87293,City Hotel,2016-04-15,2,56,94.0,0.4753,Medium,188.0,98.64
1153,86143,City Hotel,2016-03-25,3,4,65.0,0.4971,Medium,195.0,98.07
1154,86147,City Hotel,2016-03-25,3,4,65.0,0.4971,Medium,195.0,98.07
1155,86148,City Hotel,2016-03-25,3,4,65.0,0.4971,Medium,195.0,98.07
1156,94957,City Hotel,2016-08-12,1,147,96.0,0.0006,Low,96.0,95.94
1157,94966,City Hotel,2016-08-12,1,147,96.0,0.0006,Low,96.0,95.94
1158,94972,City Hotel,2016-08-12,1,147,96.0,0.0006,Low,96.0,95.94
1159,94974,City Hotel,2016-08-12,1,147,96.0,0.0006,Low,96.0,95.94
1160,94976,City Hotel,2016-08-12,1,147,96.0,0.0006,Low,96.0,95.94
1161,78861,City Hotel,2015-10-16,2,17,48.0,0.0039,Low,96.0,95.63
1162,78862,City Hotel,2015-10-16,2,17,48.0,0.0039,Low,96.0,95.63
1163,78863,City Hotel,2015-10-16,2,17,48.0,0.0039,Low,96.0,95.63
1164,78864,City Hotel,2015-10-16,2,17,48.0,0.0039,Low,96.0,95.63
1165,78866,City Hotel,2015-10-16,2,17,48.0,0.0039,Low,96.0,95.63
1166,78870,City Hotel,2015-10-16,2,17,48.0,0.0039,Low,96.0,95.63
1167,78871,City Hotel,2015-10-16,2,17,48.0,0.0039,Low,96.0,95.63
1168,78872,City Hotel,2015-10-16,2,17,48.0,0.0039,Low,96.0,95.63
1169,78874,City Hotel,2015-10-16,2,17,48.0,0.0039,Low,96.0,95.63
1170,78880,City Hotel,2015-10-16,2,17,48.0,0.0039,Low,96.0,95.63
1171,64014,City Hotel,2017-02-26,3,2,75.0,0.5754,High,225.0,95.54
1172,81368,City Hotel,2016-04-09,2,31,70.0,0.3253,Medium,140.0,94.46
1173,44625,City Hotel,2015-10-09,2,49,85.0,0.4451,Medium,170.0,94.33
1174,44626,City Hotel,2015-10-09,2,49,85.0,0.4451,Medium,170.0,94.33
1175,44630,City Hotel,2015-10-09,2,49,85.0,0.4451,Medium,170.0,94.33
1176,44631,City Hotel,2015-10-09,2,49,85.0,0.4451,Medium,170.0,94.33
1177,44635,City Hotel,2015-10-09,2,49,85.0,0.4451,Medium,170.0,94.33
1178,44636,City Hotel,2015-10-09,2,49,85.0,0.4451,Medium,170.0,94.33
1179,44640,City Hotel,2015-10-09,2,49,85.0,0.4451,Medium,170.0,94.33
1180,44641,City Hotel,2015-10-09,2,49,85.0,0.4451,Medium,170.0,94.33
1181,44652,City Hotel,2015-10-09,2,49,85.0,0.4451,Medium,170.0,94.33
1182,44653,City Hotel,2015-10-09,2,49,85.0,0.4451,Medium,170.0,94.33
1183,44655,City Hotel,2015-10-09,2,49,85.0,0.4451,Medium,170.0,94.33
1184,44664,City Hotel,2015-10-09,2,49,85.0,0.4451,Medium,170.0,94.33
1185,44033,City Hotel,2015-09-30,1,77,112.2,0.1609,Low,112.2,94.15
1186,44048,City Hotel,2015-09-30,1,77,112.2,0.1609,Low,112.2,94.15
1187,44049,City Hotel,2015-09-30,1,77,112.2,0.1609,Low,112.2,94.15
1188,44050,City Hotel,2015-09-30,1,77,112.2,0.1609,Low,112.2,94.15
1189,44054,City Hotel,2015-09-30,1,77,112.2,0.1609,Low,112.2,94.15
1190,44058,City Hotel,2015-09-30,1,77,112.2,0.1609,Low,112.2,94.15
1191,44059,City Hotel,2015-09-30,1,77,112.2,0.1609,Low,112.2,94.15
1192,44063,City Hotel,2015-09-30,1,77,112.2,0.1609,Low,112.2,94.15
1193,44073,City Hotel,2015-09-30,1,77,112.2,0.1609,Low,112.2,94.15
1194,97836,City Hotel,2016-09-20,1,5,95.0,0.0192,Low,95.0,93.18
1195,102700,City Hotel,2016-12-02,2,9,85.0,0.4558,Medium,170.0,92.51
1196,107648,City Hotel,2017-03-15,1,4,109.0,0.1517,Low,109.0,92.46
1197,97525,City Hotel,2016-09-21,1,44,91.0,0.001,Low,91.0,90.91
1198,97559,City Hotel,2016-09-21,1,44,91.0,0.001,Low,91.0,90.91
1199,97566,City Hotel,2016-09-21,1,44,91.0,0.0014,Low,91.0,90.87
1200,90643,City Hotel,2016-06-08,1,2,92.65,0.0209,Low,92.65,90.71
1201,44043,City Hotel,2015-09-30,1,77,90.6,0.0006,Low,90.6,90.55
1202,97642,City Hotel,2016-09-17,2,38,65.0,0.3073,Medium,130.0,90.05
1203,101410,City Hotel,2016-11-11,1,21,90.0,0.004,Low,90.0,89.64
1204,49836,City Hotel,2016-04-20,4,176,101.0,0.7786,High,404.0,89.45
1205,49837,City Hotel,2016-04-20,4,176,101.0,0.7786,High,404.0,89.45
1206,49858,City Hotel,2016-04-20,4,176,101.0,0.7786,High,404.0,89.45
1207,49860,City Hotel,2016-04-20,4,176,101.0,0.7786,High,404.0,89.45
1208,49921,City Hotel,2016-04-20,4,176,101.0,0.7786,High,404.0,89.45
1209,60981,City Hotel,2016-11-28,2,10,75.0,0.4067,Medium,150.0,88.99
1210,68761,City Hotel,2017-05-20,3,13,90.0,0.6717,High,270.0,88.64
1211,56761,City Hotel,2016-09-13,1,107,130.0,0.3223,Medium,130.0,88.1
1212,57041,City Hotel,2016-09-17,1,107,130.0,0.3235,Medium,130.0,87.94
1213,57815,City Hotel,2016-10-01,3,174,96.0,0.6966,High,288.0,87.38
1214,57819,City Hotel,2016-10-01,3,174,96.0,0.6966,High,288.0,87.38
1215,57823,City Hotel,2016-10-01,3,174,96.0,0.6966,High,288.0,87.38
1216,57828,City Hotel,2016-10-01,3,174,96.0,0.6966,High,288.0,87.38
1217,57830,City Hotel,2016-10-01,3,174,96.0,0.6966,High,288.0,87.38
1218,57832,City Hotel,2016-10-01,3,174,96.0,0.6966,High,288.0,87.38
1219,57836,City Hotel,2016-10-01,3,174,96.0,0.6966,High,288.0,87.38
1220,57839,City Hotel,2016-10-01,3,174,96.0,0.6966,High,288.0,87.38
1221,57841,City Hotel,2016-10-01,3,174,96.0,0.6966,High,288.0,87.38
1222,57842,City Hotel,2016-10-01,3,174,96.0,0.6966,High,288.0,87.38
1223,57844,City Hotel,2016-10-01,3,174,96.0,0.6966,High,288.0,87.38
1224,57845,City Hotel,2016-10-01,3,174,96.0,0.6966,High,288.0,87.38
1225,57848,City Hotel,2016-10-01,3,174,96.0,0.6966,High,288.0,87.38
1226,57849,City Hotel,2016-10-01,3,174,96.0,0.6966,High,288.0,87.38
1227,57850,City Hotel,2016-10-01,3,174,96.0,0.6966,High,288.0,87.38
1228,44084,City Hotel,2015-09-30,1,77,90.6,0.0425,Low,90.6,86.75
1229,49274,City Hotel,2016-04-08,5,224,78.0,0.7789,High,390.0,86.23
1230,30106,Resort Hotel,2016-11-12,2,2,48.0,0.1156,Low,96.0,84.9
1231,10809,Resort Hotel,2017-04-05,5,100,42.0,0.603,High,210.0,83.37
1232,42257,City Hotel,2015-09-04,1,38,83.0,0.0055,Low,83.0,82.54
1233,42261,City Hotel,2015-09-04,1,38,83.0,0.0055,Low,83.0,82.54
1234,42304,City Hotel,2015-09-04,1,38,83.0,0.0055,Low,83.0,82.54
1235,50593,City Hotel,2016-05-05,3,236,81.67,0.6638,High,245.01,82.37
1236,98088,City Hotel,2016-09-22,3,178,116.33,0.7661,High,348.99,81.63
1237,98089,City Hotel,2016-09-22,3,178,116.33,0.7661,High,348.99,81.63
1238,98153,City Hotel,2016-09-22,3,178,116.33,0.7661,High,348.99,81.63
1239,98154,City Hotel,2016-09-22,3,178,116.33,0.7661,High,348.99,81.63
1240,50853,City Hotel,2016-05-10,2,207,76.0,0.4665,Medium,152.0,81.09
1241,103568,City Hotel,2016-12-27,1,167,81.0,0.0017,Low,81.0,80.86
1242,83262,City Hotel,2016-01-25,2,15,59.0,0.3148,Medium,118.0,80.85
1243,50026,City Hotel,2016-04-22,4,48,106.0,0.8111,High,424.0,80.09
1244,50027,City Hotel,2016-04-22,4,48,106.0,0.8111,High,424.0,80.09
1245,50028,City Hotel,2016-04-22,4,48,106.0,0.8111,High,424.0,80.09
1246,50030,City Hotel,2016-04-22,4,48,106.0,0.8111,High,424.0,80.09
1247,50031,City Hotel,2016-04-22,4,48,106.0,0.8111,High,424.0,80.09
1248,50033,City Hotel,2016-04-22,4,48,106.0,0.8111,High,424.0,80.09
1249,50034,City Hotel,2016-04-22,4,48,106.0,0.8111,High,424.0,80.09
1250,50035,City Hotel,2016-04-22,4,48,106.0,0.8111,High,424.0,80.09
1251,50036,City Hotel,2016-04-22,4,48,106.0,0.8111,High,424.0,80.09
1252,50037,City Hotel,2016-04-22,4,48,106.0,0.8111,High,424.0,80.09
1253,50038,City Hotel,2016-04-22,4,48,106.0,0.8111,High,424.0,80.09
1254,50039,City Hotel,2016-04-22,4,48,106.0,0.8111,High,424.0,80.09
1255,50040,City Hotel,2016-04-22,4,48,106.0,0.8111,High,424.0,80.09
1256,50042,City Hotel,2016-04-22,4,48,106.0,0.8111,High,424.0,80.09
1257,50069,City Hotel,2016-04-22,4,48,106.0,0.8111,High,424.0,80.09
1258,50070,City Hotel,2016-04-22,4,48,106.0,0.8111,High,424.0,80.09
1259,44397,City Hotel,2015-10-05,2,40,70.0,0.4296,Medium,140.0,79.86
1260,44403,City Hotel,2015-10-05,2,40,70.0,0.4296,Medium,140.0,79.86
1261,54650,City Hotel,2016-07-22,2,96,64.0,0.3771,Medium,128.0,79.73
1262,44160,City Hotel,2015-10-02,1,59,100.0,0.2395,Low,100.0,76.05
1263,94956,City Hotel,2016-08-12,1,147,73.0,0.0028,Low,73.0,72.8
1264,94958,City Hotel,2016-08-12,1,147,73.0,0.0028,Low,73.0,72.8
1265,94960,City Hotel,2016-08-12,1,147,73.0,0.0028,Low,73.0,72.8
1266,94961,City Hotel,2016-08-12,1,147,73.0,0.0028,Low,73.0,72.8
1267,94962,City Hotel,2016-08-12,1,147,73.0,0.0028,Low,73.0,72.8
1268,94963,City Hotel,2016-08-12,1,147,73.0,0.0028,Low,73.0,72.8
1269,94968,City Hotel,2016-08-12,1,147,73.0,0.0028,Low,73.0,72.8
1270,94969,City Hotel,2016-08-12,1,147,73.0,0.0028,Low,73.0,72.8
1271,94970,City Hotel,2016-08-12,1,147,73.0,0.0028,Low,73.0,72.8
1272,94971,City Hotel,2016-08-12,1,147,73.0,0.0028,Low,73.0,72.8
1273,94973,City Hotel,2016-08-12,1,147,73.0,0.0028,Low,73.0,72.8
1274,94977,City Hotel,2016-08-12,1,147,73.0,0.0028,Low,73.0,72.8
1275,94959,City Hotel,2016-08-12,1,147,73.0,0.0032,Low,73.0,72.77
1276,29011,Resort Hotel,2016-10-18,1,22,72.0,0.0022,Low,72.0,71.84
1277,46832,City Hotel,2016-01-20,1,63,71.0,0.0047,Low,71.0,70.67
1278,46833,City Hotel,2016-01-20,1,63,71.0,0.0047,Low,71.0,70.67
1279,46077,City Hotel,2015-12-09,1,69,70.0,0.0006,Low,70.0,69.96
1280,86841,City Hotel,2016-04-08,2,34,57.5,0.4132,Medium,115.0,67.48
1281,86845,City Hotel,2016-04-08,2,34,57.5,0.4132,Medium,115.0,67.48
1282,49817,City Hotel,2016-04-20,4,187,80.0,0.7929,High,320.0,66.27
1283,49846,City Hotel,2016-04-20,4,187,80.0,0.7929,High,320.0,66.27
1284,49847,City Hotel,2016-04-20,4,187,80.0,0.7929,High,320.0,66.27
1285,49872,City Hotel,2016-04-20,4,187,80.0,0.7929,High,320.0,66.27
1286,49894,City Hotel,2016-04-20,4,187,80.0,0.7929,High,320.0,66.27
1287,57260,City Hotel,2016-09-22,3,178,95.0,0.7684,High,285.0,66.01
1288,57265,City Hotel,2016-09-22,3,178,95.0,0.7684,High,285.0,66.01
1289,57268,City Hotel,2016-09-22,3,178,95.0,0.7684,High,285.0,66.01
1290,57273,City Hotel,2016-09-22,3,178,95.0,0.7684,High,285.0,66.01
1291,57275,City Hotel,2016-09-22,3,178,95.0,0.7684,High,285.0,66.01
1292,89405,City Hotel,2016-05-20,1,98,65.0,0.0023,Low,65.0,64.85
1293,50901,City Hotel,2016-05-11,4,176,101.0,0.8429,High,404.0,63.47
1294,50908,City Hotel,2016-05-11,4,176,101.0,0.8429,High,404.0,63.47
1295,50909,City Hotel,2016-05-11,4,176,101.0,0.8429,High,404.0,63.47
1296,50916,City Hotel,2016-05-11,4,176,101.0,0.8429,High,404.0,63.47
1297,50923,City Hotel,2016-05-11,4,176,101.0,0.8429,High,404.0,63.47
1298,50926,City Hotel,2016-05-11,4,176,101.0,0.8429,High,404.0,63.47
1299,49819,City Hotel,2016-04-20,4,187,62.8,0.7506,High,251.2,62.65
1300,49820,City Hotel,2016-04-20,4,187,62.8,0.7506,High,251.2,62.65
1301,49827,City Hotel,2016-04-20,4,187,62.8,0.7506,High,251.2,62.65
1302,49832,City Hotel,2016-04-20,4,187,62.8,0.7506,High,251.2,62.65
1303,49840,City Hotel,2016-04-20,4,187,62.8,0.7506,High,251.2,62.65
1304,49842,City Hotel,2016-04-20,4,187,62.8,0.7506,High,251.2,62.65
1305,49849,City Hotel,2016-04-20,4,187,62.8,0.7506,High,251.2,62.65
1306,49855,City Hotel,2016-04-20,4,187,62.8,0.7506,High,251.2,62.65
1307,49863,City Hotel,2016-04-20,4,187,62.8,0.7506,High,251.2,62.65
1308,49864,City Hotel,2016-04-20,4,187,62.8,0.7506,High,251.2,62.65
1309,49873,City Hotel,2016-04-20,4,187,62.8,0.7506,High,251.2,62.65
1310,49880,City Hotel,2016-04-20,4,187,62.8,0.7506,High,251.2,62.65
1311,49881,City Hotel,2016-04-20,4,187,62.8,0.7506,High,251.2,62.65
1312,49884,City Hotel,2016-04-20,4,187,62.8,0.7506,High,251.2,62.65
1313,49885,City Hotel,2016-04-20,4,187,62.8,0.7506,High,251.2,62.65
1314,49896,City Hotel,2016-04-20,4,187,62.8,0.7506,High,251.2,62.65
1315,49897,City Hotel,2016-04-20,4,187,62.8,0.7506,High,251.2,62.65
1316,49900,City Hotel,2016-04-20,4,187,62.8,0.7506,High,251.2,62.65
1317,49901,City Hotel,2016-04-20,4,187,62.8,0.7506,High,251.2,62.65
1318,49907,City Hotel,2016-04-20,4,187,62.8,0.7506,High,251.2,62.65
1319,49908,City Hotel,2016-04-20,4,187,62.8,0.7506,High,251.2,62.65
1320,49909,City Hotel,2016-04-20,4,187,62.8,0.7506,High,251.2,62.65
1321,49917,City Hotel,2016-04-20,4,187,62.8,0.7506,High,251.2,62.65
1322,51152,City Hotel,2016-05-14,2,236,32.5,0.0487,Low,65.0,61.83
1323,51004,City Hotel,2016-05-13,3,215,101.0,0.7966,High,303.0,61.63
1324,51005,City Hotel,2016-05-13,3,215,101.0,0.7966,High,303.0,61.63
1325,51014,City Hotel,2016-05-13,3,215,101.0,0.7966,High,303.0,61.63
1326,51032,City Hotel,2016-05-13,3,215,101.0,0.7966,High,303.0,61.63
1327,51033,City Hotel,2016-05-13,3,215,101.0,0.7966,High,303.0,61.63
1328,51039,City Hotel,2016-05-13,3,215,101.0,0.7966,High,303.0,61.63
1329,51051,City Hotel,2016-05-13,3,215,101.0,0.7966,High,303.0,61.63
1330,51065,City Hotel,2016-05-13,3,215,101.0,0.7966,High,303.0,61.63
1331,51070,City Hotel,2016-05-13,3,215,101.0,0.7966,High,303.0,61.63
1332,51075,City Hotel,2016-05-13,3,215,101.0,0.7966,High,303.0,61.63
1333,51076,City Hotel,2016-05-13,3,215,101.0,0.7966,High,303.0,61.63
1334,51081,City Hotel,2016-05-13,3,215,101.0,0.7966,High,303.0,61.63
1335,51082,City Hotel,2016-05-13,3,215,101.0,0.7966,High,303.0,61.63
1336,58180,City Hotel,2016-10-07,3,68,80.0,0.7449,High,240.0,61.22
1337,58181,City Hotel,2016-10-07,3,68,80.0,0.7449,High,240.0,61.22
1338,58183,City Hotel,2016-10-07,3,68,80.0,0.7449,High,240.0,61.22
1339,58185,City Hotel,2016-10-07,3,68,80.0,0.7449,High,240.0,61.22
1340,58186,City Hotel,2016-10-07,3,68,80.0,0.7449,High,240.0,61.22
1341,58192,City Hotel,2016-10-07,3,68,80.0,0.7449,High,240.0,61.22
1342,58196,City Hotel,2016-10-07,3,68,80.0,0.7449,High,240.0,61.22
1343,58197,City Hotel,2016-10-07,3,68,80.0,0.7449,High,240.0,61.22
1344,58199,City Hotel,2016-10-07,3,68,80.0,0.7449,High,240.0,61.22
1345,46748,City Hotel,2016-01-19,1,63,80.0,0.2411,Low,80.0,60.71
1346,46751,City Hotel,2016-01-19,1,63,80.0,0.2411,Low,80.0,60.71
1347,42928,City Hotel,2015-09-11,1,48,104.0,0.4247,Medium,104.0,59.83
1348,42932,City Hotel,2015-09-11,1,48,104.0,0.4247,Medium,104.0,59.83
1349,42935,City Hotel,2015-09-11,1,48,104.0,0.4247,Medium,104.0,59.83
1350,42937,City Hotel,2015-09-11,1,48,104.0,0.4247,Medium,104.0,59.83
1351,42942,City Hotel,2015-09-11,1,48,104.0,0.4247,Medium,104.0,59.83
1352,93778,City Hotel,2016-07-26,1,27,95.0,0.3713,Medium,95.0,59.73
1353,45634,City Hotel,2015-11-18,1,87,65.0,0.0815,Low,65.0,59.7
1354,45635,City Hotel,2015-11-18,1,87,65.0,0.0815,Low,65.0,59.7
1355,49224,City Hotel,2016-04-08,2,34,65.0,0.5479,High,130.0,58.77
1356,49227,City Hotel,2016-04-08,2,34,65.0,0.5479,High,130.0,58.77
1357,49228,City Hotel,2016-04-08,2,34,65.0,0.5479,High,130.0,58.77
1358,49231,City Hotel,2016-04-08,2,34,65.0,0.5479,High,130.0,58.77
1359,49232,City Hotel,2016-04-08,2,34,65.0,0.5479,High,130.0,58.77
1360,49237,City Hotel,2016-04-08,2,34,65.0,0.5479,High,130.0,58.77
1361,49238,City Hotel,2016-04-08,2,34,65.0,0.5479,High,130.0,58.77
1362,49240,City Hotel,2016-04-08,2,34,65.0,0.5479,High,130.0,58.77
1363,97537,City Hotel,2016-09-21,1,44,58.5,0.0011,Low,58.5,58.44
1364,42927,City Hotel,2015-09-11,1,48,80.0,0.2962,Medium,80.0,56.3
1365,42931,City Hotel,2015-09-11,1,48,80.0,0.2962,Medium,80.0,56.3
1366,42943,City Hotel,2015-09-11,1,48,80.0,0.2962,Medium,80.0,56.3
1367,44065,City Hotel,2015-09-30,1,77,56.1,0.0009,Low,56.1,56.05
1368,52693,City Hotel,2016-06-09,3,48,73.33,0.747,High,219.99,55.66
1369,52698,City Hotel,2016-06-09,3,48,73.33,0.747,High,219.99,55.66
1370,52703,City Hotel,2016-06-09,3,48,73.33,0.747,High,219.99,55.66
1371,30782,Resort Hotel,2016-12-03,1,13,64.0,0.1692,Low,64.0,53.17
1372,50613,City Hotel,2016-05-05,3,259,62.5,0.7207,High,187.5,52.37
1373,94964,City Hotel,2016-08-12,1,147,73.0,0.2859,Medium,73.0,52.13
1374,94965,City Hotel,2016-08-12,1,147,73.0,0.2859,Medium,73.0,52.13
1375,49258,City Hotel,2016-04-08,5,224,78.0,0.8681,High,390.0,51.44
1376,49260,City Hotel,2016-04-08,5,224,78.0,0.8681,High,390.0,51.44
1377,49262,City Hotel,2016-04-08,5,224,78.0,0.8681,High,390.0,51.44
1378,49265,City Hotel,2016-04-08,5,224,78.0,0.8681,High,390.0,51.44
1379,49266,City Hotel,2016-04-08,5,224,78.0,0.8681,High,390.0,51.44
1380,49271,City Hotel,2016-04-08,5,224,78.0,0.8681,High,390.0,51.44
1381,49272,City Hotel,2016-04-08,5,224,78.0,0.8681,High,390.0,51.44
1382,49273,City Hotel,2016-04-08,5,224,78.0,0.8681,High,390.0,51.44
1383,53299,City Hotel,2016-06-17,3,108,72.0,0.7683,High,216.0,50.05
1384,53300,City Hotel,2016-06-17,3,108,72.0,0.7683,High,216.0,50.05
1385,53307,City Hotel,2016-06-17,3,108,72.0,0.7683,High,216.0,50.05
1386,53308,City Hotel,2016-06-17,3,108,72.0,0.7683,High,216.0,50.05
1387,53309,City Hotel,2016-06-17,3,108,72.0,0.7683,High,216.0,50.05
1388,53310,City Hotel,2016-06-17,3,108,72.0,0.7683,High,216.0,50.05
1389,53312,City Hotel,2016-06-17,3,108,72.0,0.7683,High,216.0,50.05
1390,53314,City Hotel,2016-06-17,3,108,72.0,0.7683,High,216.0,50.05
1391,53316,City Hotel,2016-06-17,3,108,72.0,0.7683,High,216.0,50.05
1392,53317,City Hotel,2016-06-17,3,108,72.0,0.7683,High,216.0,50.05
1393,53318,City Hotel,2016-06-17,3,108,72.0,0.7683,High,216.0,50.05
1394,53320,City Hotel,2016-06-17,3,108,72.0,0.7683,High,216.0,50.05
1395,53324,City Hotel,2016-06-17,3,108,72.0,0.7683,High,216.0,50.05
1396,34142,Resort Hotel,2017-03-13,1,34,50.0,0.0033,Low,50.0,49.84
1397,51017,City Hotel,2016-05-13,3,215,65.0,0.7488,High,195.0,48.98
1398,29512,Resort Hotel,2016-10-28,2,142,52.0,0.5325,High,104.0,48.62
1399,94978,City Hotel,2016-08-12,1,147,48.0,0.0003,Low,48.0,47.99
1400,82968,City Hotel,2016-04-28,1,1,45.0,0.0002,Low,45.0,44.99
1401,87203,City Hotel,2016-04-15,1,56,85.0,0.473,Medium,85.0,44.8
1402,46894,City Hotel,2016-01-25,2,15,62.0,0.6412,High,124.0,44.49
1403,46895,City Hotel,2016-01-25,2,15,62.0,0.6412,High,124.0,44.49
1404,46896,City Hotel,2016-01-25,2,15,62.0,0.6412,High,124.0,44.49
1405,46897,City Hotel,2016-01-25,2,15,62.0,0.6412,High,124.0,44.49
1406,46898,City Hotel,2016-01-25,2,15,62.0,0.6412,High,124.0,44.49
1407,46899,City Hotel,2016-01-25,2,15,62.0,0.6412,High,124.0,44.49
1408,87274,City Hotel,2016-04-15,2,56,40.5,0.4642,Medium,81.0,43.4
1409,49279,City Hotel,2016-04-09,2,31,70.0,0.6984,High,140.0,42.22
1410,2273,Resort Hotel,2015-10-08,3,50,45.0,0.7029,High,135.0,40.11
1411,17426,Resort Hotel,2015-10-08,3,50,45.0,0.7029,High,135.0,40.11
1412,17439,Resort Hotel,2015-10-08,3,50,45.0,0.7029,High,135.0,40.11
1413,51153,City Hotel,2016-05-14,2,236,65.0,0.6947,High,130.0,39.69
1414,57320,City Hotel,2016-09-23,2,330,65.0,0.7114,High,130.0,37.52
1415,57433,City Hotel,2016-09-26,3,223,107.0,0.8934,High,321.0,34.22
1416,57434,City Hotel,2016-09-26,3,223,107.0,0.8934,High,321.0,34.22
1417,57442,City Hotel,2016-09-26,3,223,107.0,0.8934,High,321.0,34.22
1418,57452,City Hotel,2016-09-26,3,223,107.0,0.8934,High,321.0,34.22
1419,57457,City Hotel,2016-09-26,3,223,107.0,0.8934,High,321.0,34.22
1420,57464,City Hotel,2016-09-26,3,223,107.0,0.8934,High,321.0,34.22
1421,57468,City Hotel,2016-09-26,3,223,107.0,0.8934,High,321.0,34.22
1422,57478,City Hotel,2016-09-26,3,223,107.0,0.8934,High,321.0,34.22
1423,57484,City Hotel,2016-09-26,3,223,107.0,0.8934,High,321.0,34.22
1424,57485,City Hotel,2016-09-26,3,223,107.0,0.8934,High,321.0,34.22
1425,57500,City Hotel,2016-09-26,3,223,107.0,0.8934,High,321.0,34.22
1426,57501,City Hotel,2016-09-26,3,223,107.0,0.8934,High,321.0,34.22
1427,83283,City Hotel,2016-01-26,1,15,59.0,0.4267,Medium,59.0,33.82
1428,50847,City Hotel,2016-05-10,2,207,75.0,0.7977,High,150.0,30.35
1429,50848,City Hotel,2016-05-10,2,207,75.0,0.7977,High,150.0,30.35
1430,50862,City Hotel,2016-05-10,2,207,75.0,0.7977,High,150.0,30.35
1431,50866,City Hotel,2016-05-10,2,207,75.0,0.7977,High,150.0,30.35
1432,50580,City Hotel,2016-05-05,3,236,65.0,0.8451,High,195.0,30.21
1433,50594,City Hotel,2016-05-05,3,236,65.0,0.8451,High,195.0,30.21
1434,50598,City Hotel,2016-05-05,3,236,65.0,0.8451,High,195.0,30.21
1435,50667,City Hotel,2016-05-05,3,236,65.0,0.8451,High,195.0,30.21
1436,50668,City Hotel,2016-05-05,3,259,65.0,0.8451,High,195.0,30.21
1437,50674,City Hotel,2016-05-05,3,236,65.0,0.8451,High,195.0,30.21
1438,50688,City Hotel,2016-05-05,3,236,65.0,0.8451,High,195.0,30.21
1439,45254,City Hotel,2015-10-25,3,58,85.67,0.887,High,257.01,29.04
1440,45255,City Hotel,2015-10-25,3,58,85.67,0.887,High,257.01,29.04
1441,45256,City Hotel,2015-10-25,3,58,85.67,0.887,High,257.01,29.04
1442,45257,City Hotel,2015-10-25,3,58,85.67,0.887,High,257.01,29.04
1443,45258,City Hotel,2015-10-25,3,58,85.67,0.887,High,257.01,29.04
1444,45259,City Hotel,2015-10-25,3,58,85.67,0.887,High,257.01,29.04
1445,45260,City Hotel,2015-10-25,3,58,85.67,0.887,High,257.01,29.04
1446,45261,City Hotel,2015-10-25,3,58,85.67,0.887,High,257.01,29.04
1447,45262,City Hotel,2015-10-25,3,58,85.67,0.887,High,257.01,29.04
1448,45263,City Hotel,2015-10-25,3,58,85.67,0.887,High,257.01,29.04
1449,45264,City Hotel,2015-10-25,3,58,85.67,0.887,High,257.01,29.04
1450,45265,City Hotel,2015-10-25,3,58,85.67,0.887,High,257.01,29.04
1451,45266,City Hotel,2015-10-25,3,58,85.67,0.887,High,257.01,29.04
1452,45267,City Hotel,2015-10-25,3,58,85.67,0.887,High,257.01,29.04
1453,45268,City Hotel,2015-10-25,3,58,85.67,0.887,High,257.01,29.04
1454,45269,City Hotel,2015-10-25,3,58,85.67,0.887,High,257.01,29.04
1455,45270,City Hotel,2015-10-25,3,58,85.67,0.887,High,257.01,29.04
1456,45274,City Hotel,2015-10-25,3,58,85.67,0.887,High,257.01,29.04
1457,45275,City Hotel,2015-10-25,3,58,85.67,0.887,High,257.01,29.04
1458,45276,City Hotel,2015-10-25,3,58,85.67,0.887,High,257.01,29.04
1459,45277,City Hotel,2015-10-25,3,58,85.67,0.887,High,257.01,29.04
1460,45278,City Hotel,2015-10-25,3,58,85.67,0.887,High,257.01,29.04
1461,45280,City Hotel,2015-10-25,3,58,85.67,0.887,High,257.01,29.04
1462,45281,City Hotel,2015-10-25,3,58,85.67,0.887,High,257.01,29.04
1463,45282,City Hotel,2015-10-25,3,58,85.67,0.887,High,257.01,29.04
1464,45283,City Hotel,2015-10-25,3,58,85.67,0.887,High,257.01,29.04
1465,45285,City Hotel,2015-10-25,3,58,85.67,0.887,High,257.01,29.04
1466,45286,City Hotel,2015-10-25,3,58,85.67,0.887,High,257.01,29.04
1467,45287,City Hotel,2015-10-25,3,58,85.67,0.887,High,257.01,29.04
1468,45288,City Hotel,2015-10-25,3,58,85.67,0.887,High,257.01,29.04
1469,45289,City Hotel,2015-10-25,3,58,85.67,0.887,High,257.01,29.04
1470,45290,City Hotel,2015-10-25,3,58,85.67,0.887,High,257.01,29.04
1471,45291,City Hotel,2015-10-25,3,58,85.67,0.887,High,257.01,29.04
1472,45292,City Hotel,2015-10-25,3,58,85.67,0.887,High,257.01,29.04
1473,45293,City Hotel,2015-10-25,3,58,85.67,0.887,High,257.01,29.04
1474,45294,City Hotel,2015-10-25,3,58,85.67,0.887,High,257.01,29.04
1475,45295,City Hotel,2015-10-25,3,58,85.67,0.887,High,257.01,29.04
1476,45296,City Hotel,2015-10-25,3,58,85.67,0.887,High,257.01,29.04
1477,45297,City Hotel,2015-10-25,3,58,85.67,0.887,High,257.01,29.04
1478,45298,City Hotel,2015-10-25,3,58,85.67,0.887,High,257.01,29.04
1479,45299,City Hotel,2015-10-25,3,58,85.67,0.887,High,257.01,29.04
1480,45302,City Hotel,2015-10-25,3,58,85.67,0.887,High,257.01,29.04
1481,45304,City Hotel,2015-10-25,3,58,85.67,0.887,High,257.01,29.04
1482,45305,City Hotel,2015-10-25,3,58,85.67,0.887,High,257.01,29.04
1483,45306,City Hotel,2015-10-25,3,58,85.67,0.887,High,257.01,29.04
1484,45307,City Hotel,2015-10-25,3,58,85.67,0.887,High,257.01,29.04
1485,45308,City Hotel,2015-10-25,3,58,85.67,0.887,High,257.01,29.04
1486,45309,City Hotel,2015-10-25,3,58,85.67,0.887,High,257.01,29.04
1487,45310,City Hotel,2015-10-25,3,58,85.67,0.887,High,257.01,29.04
1488,45311,City Hotel,2015-10-25,3,58,85.67,0.887,High,257.01,29.04
1489,45312,City Hotel,2015-10-25,3,58,85.67,0.887,High,257.01,29.04
1490,45313,City Hotel,2015-10-25,3,58,85.67,0.887,High,257.01,29.04
1491,45314,City Hotel,2015-10-25,3,58,85.67,0.887,High,257.01,29.04
1492,45315,City Hotel,2015-10-25,3,58,85.67,0.887,High,257.01,29.04
1493,45316,City Hotel,2015-10-25,3,58,85.67,0.887,High,257.01,29.04
1494,45317,City Hotel,2015-10-25,3,58,85.67,0.887,High,257.01,29.04
1495,45319,City Hotel,2015-10-25,3,58,85.67,0.887,High,257.01,29.04
1496,45320,City Hotel,2015-10-25,3,58,85.67,0.887,High,257.01,29.04
1497,45321,City Hotel,2015-10-25,3,58,85.67,0.887,High,257.01,29.04
1498,45322,City Hotel,2015-10-25,3,58,85.67,0.887,High,257.01,29.04
1499,45324,City Hotel,2015-10-25,3,58,85.67,0.887,High,257.01,29.04
1500,45325,City Hotel,2015-10-25,3,58,85.67,0.887,High,257.01,29.04
1501,45326,City Hotel,2015-10-25,3,58,85.67,0.887,High,257.01,29.04
1502,45327,City Hotel,2015-10-25,3,58,85.67,0.887,High,257.01,29.04
1503,45328,City Hotel,2015-10-25,3,58,85.67,0.887,High,257.01,29.04
1504,45329,City Hotel,2015-10-25,3,58,85.67,0.887,High,257.01,29.04
1505,45330,City Hotel,2015-10-25,3,58,85.67,0.887,High,257.01,29.04
1506,51430,City Hotel,2016-05-20,1,98,57.5,0.4982,Medium,57.5,28.85
1507,51431,City Hotel,2016-05-20,1,98,57.5,0.4982,Medium,57.5,28.85
1508,51439,City Hotel,2016-05-20,1,98,57.5,0.4982,Medium,57.5,28.85
1509,51444,City Hotel,2016-05-20,1,98,57.5,0.4982,Medium,57.5,28.85
1510,51445,City Hotel,2016-05-20,1,98,57.5,0.4982,Medium,57.5,28.85
1511,51511,City Hotel,2016-05-20,1,98,57.5,0.4982,Medium,57.5,28.85
1512,89409,City Hotel,2016-05-20,1,98,57.5,0.4982,Medium,57.5,28.85
1513,55382,City Hotel,2016-08-12,1,147,80.0,0.6415,High,80.0,28.68
1514,55383,City Hotel,2016-08-12,1,147,80.0,0.6415,High,80.0,28.68
1515,55384,City Hotel,2016-08-12,1,147,80.0,0.6415,High,80.0,28.68
1516,55386,City Hotel,2016-08-12,1,147,80.0,0.6415,High,80.0,28.68
1517,55387,City Hotel,2016-08-12,1,147,80.0,0.6415,High,80.0,28.68
1518,55388,City Hotel,2016-08-12,1,147,80.0,0.6415,High,80.0,28.68
1519,55389,City Hotel,2016-08-12,1,147,80.0,0.6415,High,80.0,28.68
1520,55390,City Hotel,2016-08-12,1,147,80.0,0.6415,High,80.0,28.68
1521,55391,City Hotel,2016-08-12,1,147,80.0,0.6415,High,80.0,28.68
1522,49561,City Hotel,2016-04-15,2,56,85.0,0.8413,High,170.0,26.98
1523,49567,City Hotel,2016-04-15,2,56,85.0,0.8413,High,170.0,26.98
1524,49571,City Hotel,2016-04-15,2,56,85.0,0.8413,High,170.0,26.98
1525,49576,City Hotel,2016-04-15,2,56,85.0,0.8413,High,170.0,26.98
1526,49577,City Hotel,2016-04-15,2,56,85.0,0.8413,High,170.0,26.98
1527,49579,City Hotel,2016-04-15,2,56,85.0,0.8413,High,170.0,26.98
1528,49581,City Hotel,2016-04-15,2,56,85.0,0.8413,High,170.0,26.98
1529,49582,City Hotel,2016-04-15,2,56,85.0,0.8413,High,170.0,26.98
1530,87247,City Hotel,2016-04-15,2,56,85.0,0.8413,High,170.0,26.98
1531,87249,City Hotel,2016-04-15,2,56,85.0,0.8413,High,170.0,26.98
1532,87250,City Hotel,2016-04-15,2,56,85.0,0.8413,High,170.0,26.98
1533,87252,City Hotel,2016-04-15,2,56,85.0,0.8413,High,170.0,26.98
1534,87253,City Hotel,2016-04-15,2,56,85.0,0.8413,High,170.0,26.98
1535,87257,City Hotel,2016-04-15,2,56,85.0,0.8413,High,170.0,26.98
1536,87260,City Hotel,2016-04-15,2,56,85.0,0.8413,High,170.0,26.98
1537,87276,City Hotel,2016-04-15,2,56,85.0,0.8413,High,170.0,26.98
1538,87277,City Hotel,2016-04-15,2,56,85.0,0.8413,High,170.0,26.98
1539,87279,City Hotel,2016-04-15,2,56,85.0,0.8413,High,170.0,26.98
1540,87284,City Hotel,2016-04-15,2,56,85.0,0.8413,High,170.0,26.98
1541,87285,City Hotel,2016-04-15,2,56,85.0,0.8413,High,170.0,26.98
1542,87286,City Hotel,2016-04-15,2,56,85.0,0.8413,High,170.0,26.98
1543,87289,City Hotel,2016-04-15,2,56,85.0,0.8413,High,170.0,26.98
1544,87290,City Hotel,2016-04-15,2,56,85.0,0.8413,High,170.0,26.98
1545,87297,City Hotel,2016-04-15,2,56,85.0,0.8413,High,170.0,26.98
1546,87298,City Hotel,2016-04-15,2,56,85.0,0.8413,High,170.0,26.98
1547,51433,City Hotel,2016-05-20,1,98,65.0,0.6228,High,65.0,24.52
1548,51434,City Hotel,2016-05-20,1,98,65.0,0.6228,High,65.0,24.52
1549,51437,City Hotel,2016-05-20,1,98,65.0,0.6228,High,65.0,24.52
1550,51441,City Hotel,2016-05-20,1,98,65.0,0.6228,High,65.0,24.52
1551,51442,City Hotel,2016-05-20,1,98,65.0,0.6228,High,65.0,24.52
1552,51443,City Hotel,2016-05-20,1,98,65.0,0.6228,High,65.0,24.52
1553,51446,City Hotel,2016-05-20,1,98,65.0,0.6228,High,65.0,24.52
1554,51447,City Hotel,2016-05-20,1,98,65.0,0.6228,High,65.0,24.52
1555,89380,City Hotel,2016-05-20,1,98,65.0,0.6228,High,65.0,24.52
1556,89381,City Hotel,2016-05-20,1,98,65.0,0.6228,High,65.0,24.52
1557,89382,City Hotel,2016-05-20,1,98,65.0,0.6228,High,65.0,24.52
1558,89384,City Hotel,2016-05-20,1,98,65.0,0.6228,High,65.0,24.52
1559,89386,City Hotel,2016-05-20,1,98,65.0,0.6228,High,65.0,24.52
1560,89387,City Hotel,2016-05-20,1,98,65.0,0.6228,High,65.0,24.52
1561,89388,City Hotel,2016-05-20,1,98,65.0,0.6228,High,65.0,24.52
1562,89389,City Hotel,2016-05-20,1,98,65.0,0.6228,High,65.0,24.52
1563,89391,City Hotel,2016-05-20,1,98,65.0,0.6228,High,65.0,24.52
1564,89392,City Hotel,2016-05-20,1,98,65.0,0.6228,High,65.0,24.52
1565,89393,City Hotel,2016-05-20,1,98,65.0,0.6228,High,65.0,24.52
1566,89394,City Hotel,2016-05-20,1,98,65.0,0.6228,High,65.0,24.52
1567,89395,City Hotel,2016-05-20,1,98,65.0,0.6228,High,65.0,24.52
1568,89397,City Hotel,2016-05-20,1,98,65.0,0.6228,High,65.0,24.52
1569,89398,City Hotel,2016-05-20,1,98,65.0,0.6228,High,65.0,24.52
1570,89399,City Hotel,2016-05-20,1,98,65.0,0.6228,High,65.0,24.52
1571,89400,City Hotel,2016-05-20,1,98,65.0,0.6228,High,65.0,24.52
1572,89401,City Hotel,2016-05-20,1,98,65.0,0.6228,High,65.0,24.52
1573,89402,City Hotel,2016-05-20,1,98,65.0,0.6228,High,65.0,24.52
1574,89403,City Hotel,2016-05-20,1,98,65.0,0.6228,High,65.0,24.52
1575,89404,City Hotel,2016-05-20,1,98,65.0,0.6228,High,65.0,24.52
1576,89406,City Hotel,2016-05-20,1,98,65.0,0.6228,High,65.0,24.52
1577,89407,City Hotel,2016-05-20,1,98,65.0,0.6228,High,65.0,24.52
1578,89410,City Hotel,2016-05-20,1,98,65.0,0.6228,High,65.0,24.52
1579,10537,Resort Hotel,2017-03-13,1,34,36.0,0.3934,Medium,36.0,21.84
1580,57435,City Hotel,2016-09-26,3,223,75.0,0.9128,High,225.0,19.62
1581,57436,City Hotel,2016-09-26,3,223,75.0,0.9128,High,225.0,19.62
1582,57439,City Hotel,2016-09-26,3,223,75.0,0.9128,High,225.0,19.62
1583,57443,City Hotel,2016-09-26,3,223,75.0,0.9128,High,225.0,19.62
1584,57444,City Hotel,2016-09-26,3,223,75.0,0.9128,High,225.0,19.62
1585,57445,City Hotel,2016-09-26,3,223,75.0,0.9128,High,225.0,19.62
1586,57453,City Hotel,2016-09-26,3,223,75.0,0.9128,High,225.0,19.62
1587,57454,City Hotel,2016-09-26,3,223,75.0,0.9128,High,225.0,19.62
1588,57459,City Hotel,2016-09-26,3,223,75.0,0.9128,High,225.0,19.62
1589,57460,City Hotel,2016-09-26,3,223,75.0,0.9128,High,225.0,19.62
1590,57465,City Hotel,2016-09-26,3,223,75.0,0.9128,High,225.0,19.62
1591,57466,City Hotel,2016-09-26,3,223,75.0,0.9128,High,225.0,19.62
1592,57470,City Hotel,2016-09-26,3,223,75.0,0.9128,High,225.0,19.62
1593,57479,City Hotel,2016-09-26,3,223,75.0,0.9128,High,225.0,19.62
1594,57480,City Hotel,2016-09-26,3,223,75.0,0.9128,High,225.0,19.62
1595,57481,City Hotel,2016-09-26,3,223,75.0,0.9128,High,225.0,19.62
1596,57482,City Hotel,2016-09-26,3,223,75.0,0.9128,High,225.0,19.62
1597,57487,City Hotel,2016-09-26,3,223,75.0,0.9128,High,225.0,19.62
1598,57488,City Hotel,2016-09-26,3,223,75.0,0.9128,High,225.0,19.62
1599,57498,City Hotel,2016-09-26,3,223,75.0,0.9128,High,225.0,19.62
1600,57499,City Hotel,2016-09-26,3,223,75.0,0.9128,High,225.0,19.62
1601,57503,City Hotel,2016-09-26,3,223,75.0,0.9128,High,225.0,19.62
1602,57504,City Hotel,2016-09-26,3,223,75.0,0.9128,High,225.0,19.62
1603,57515,City Hotel,2016-09-26,3,223,75.0,0.9128,High,225.0,19.62
1604,57516,City Hotel,2016-09-26,3,223,75.0,0.9128,High,225.0,19.62
1605,56957,City Hotel,2016-09-16,2,379,65.0,0.8542,High,130.0,18.95
1606,56958,City Hotel,2016-09-16,2,379,65.0,0.8542,High,130.0,18.95
1607,56961,City Hotel,2016-09-16,2,379,65.0,0.8542,High,130.0,18.95
1608,56963,City Hotel,2016-09-16,2,379,65.0,0.8542,High,130.0,18.95
1609,56964,City Hotel,2016-09-16,2,379,65.0,0.8542,High,130.0,18.95
1610,56967,City Hotel,2016-09-16,2,379,65.0,0.8542,High,130.0,18.95
1611,56968,City Hotel,2016-09-16,2,379,65.0,0.8542,High,130.0,18.95
1612,56974,City Hotel,2016-09-16,2,379,65.0,0.8542,High,130.0,18.95
1613,56980,City Hotel,2016-09-16,2,379,65.0,0.8542,High,130.0,18.95
1614,57046,City Hotel,2016-09-17,2,38,65.0,0.8729,High,130.0,16.52
1615,57047,City Hotel,2016-09-17,2,38,65.0,0.8729,High,130.0,16.52
1616,57048,City Hotel,2016-09-17,2,38,65.0,0.8729,High,130.0,16.52
1617,57049,City Hotel,2016-09-17,2,38,65.0,0.8729,High,130.0,16.52
1618,57050,City Hotel,2016-09-17,2,38,65.0,0.8729,High,130.0,16.52
1619,57051,City Hotel,2016-09-17,2,38,65.0,0.8729,High,130.0,16.52
1620,57052,City Hotel,2016-09-17,2,38,65.0,0.8729,High,130.0,16.52
1621,57055,City Hotel,2016-09-17,2,38,65.0,0.8729,High,130.0,16.52
1622,57056,City Hotel,2016-09-17,2,38,65.0,0.8729,High,130.0,16.52
1623,57059,City Hotel,2016-09-17,2,38,65.0,0.8729,High,130.0,16.52
1624,80055,City Hotel,2016-04-09,2,31,70.0,0.969,High,140.0,4.34
1625,80056,City Hotel,2016-04-09,2,31,70.0,0.969,High,140.0,4.34
1626,80057,City Hotel,2016-04-09,2,31,70.0,0.969,High,140.0,4.34
1627,80058,City Hotel,2016-04-09,2,31,70.0,0.969,High,140.0,4.34
1628,80059,City Hotel,2016-04-09,2,31,70.0,0.969,High,140.0,4.34
1629,80060,City Hotel,2016-04-09,2,31,70.0,0.969,High,140.0,4.34
1630,80061,City Hotel,2016-04-09,2,31,70.0,0.969,High,140.0,4.34
1631,80062,City Hotel,2016-04-09,2,31,70.0,0.969,High,140.0,4.34
1632,83093,City Hotel,2016-04-09,2,31,70.0,0.9768,High,140.0,3.25
1633,83068,City Hotel,2016-01-14,3,43,1.0,0.0004,Low,3.0,3.0
1634,53702,City Hotel,2016-06-27,6,15,140.0,0.9965,High,840.0,2.94
1635,45532,City Hotel,2015-11-02,2,60,111.0,0.9876,High,222.0,2.75
1636,45533,City Hotel,2015-11-02,2,60,111.0,0.9876,High,222.0,2.75
1637,45534,City Hotel,2015-11-02,2,60,111.0,0.9876,High,222.0,2.75
1638,45535,City Hotel,2015-11-02,2,60,111.0,0.9876,High,222.0,2.75
1639,45536,City Hotel,2015-11-02,2,60,111.0,0.9876,High,222.0,2.75
1640,45537,City Hotel,2015-11-02,2,60,111.0,0.9876,High,222.0,2.75
1641,45538,City Hotel,2015-11-02,2,60,111.0,0.9876,High,222.0,2.75
1642,45539,City Hotel,2015-11-02,2,60,111.0,0.9876,High,222.0,2.75
1643,45540,City Hotel,2015-11-02,2,60,111.0,0.9876,High,222.0,2.75
1644,45541,City Hotel,2015-11-02,2,60,111.0,0.9876,High,222.0,2.75
1645,65711,City Hotel,2017-04-06,3,21,85.0,0.9892,High,255.0,2.75
1646,68284,City Hotel,2017-05-15,3,60,170.0,0.995,High,510.0,2.55
1647,65586,City Hotel,2017-04-05,4,17,93.5,0.9935,High,374.0,2.43
1648,45602,City Hotel,2015-11-13,2,69,70.0,0.9827,High,140.0,2.42
1649,45610,City Hotel,2015-11-13,2,69,70.0,0.9827,High,140.0,2.42
1650,45615,City Hotel,2015-11-13,2,69,70.0,0.9827,High,140.0,2.42
1651,71052,City Hotel,2017-06-27,7,73,130.0,0.9976,High,910.0,2.18
1652,61011,City Hotel,2016-11-29,3,50,90.0,0.9921,High,270.0,2.13
1653,83282,City Hotel,2016-01-25,2,15,1.0,0.0074,Low,2.0,1.99
1654,59049,City Hotel,2016-10-20,3,11,100.0,0.9939,High,300.0,1.83
1655,48602,City Hotel,2016-03-25,3,101,105.0,0.9943,High,315.0,1.8
1656,65690,City Hotel,2017-04-06,3,46,85.0,0.993,High,255.0,1.79
1657,70500,City Hotel,2017-06-17,5,54,120.0,0.9971,High,600.0,1.74
1658,66665,City Hotel,2017-04-22,4,27,105.0,0.9959,High,420.0,1.72
1659,65669,City Hotel,2017-04-06,3,46,95.0,0.9941,High,285.0,1.68
1660,45566,City Hotel,2015-11-07,2,60,111.0,0.9927,High,222.0,1.62
1661,45569,City Hotel,2015-11-07,2,60,111.0,0.9927,High,222.0,1.62
1662,45570,City Hotel,2015-11-07,2,60,111.0,0.9927,High,222.0,1.62
1663,45572,City Hotel,2015-11-07,2,60,111.0,0.9927,High,222.0,1.62
1664,45574,City Hotel,2015-11-07,2,60,111.0,0.9927,High,222.0,1.62
1665,45575,City Hotel,2015-11-07,2,60,111.0,0.9927,High,222.0,1.62
1666,45582,City Hotel,2015-11-07,2,60,111.0,0.9927,High,222.0,1.62
1667,45584,City Hotel,2015-11-07,2,60,111.0,0.9927,High,222.0,1.62
1668,45585,City Hotel,2015-11-07,2,60,111.0,0.9927,High,222.0,1.62
1669,45587,City Hotel,2015-11-07,2,60,111.0,0.9927,High,222.0,1.62
1670,77341,City Hotel,2016-04-09,2,31,70.0,0.9884,High,140.0,1.62
1671,77342,City Hotel,2016-04-09,2,31,70.0,0.9884,High,140.0,1.62
1672,77343,City Hotel,2016-04-09,2,31,70.0,0.9884,High,140.0,1.62
1673,77345,City Hotel,2016-04-09,2,31,70.0,0.9884,High,140.0,1.62
1674,65476,City Hotel,2017-04-04,2,25,95.0,0.9915,High,190.0,1.61
1675,53411,City Hotel,2016-06-20,3,39,100.0,0.9947,High,300.0,1.59
1676,10896,Resort Hotel,2017-04-09,7,22,80.0,0.9972,High,560.0,1.57
1677,52262,City Hotel,2016-06-02,2,32,140.0,0.9944,High,280.0,1.57
1678,70191,City Hotel,2017-06-11,5,80,140.0,0.9979,High,700.0,1.47
1679,64160,City Hotel,2017-03-02,3,44,95.0,0.995,High,285.0,1.43
1680,68766,City Hotel,2017-05-20,3,63,190.0,0.9976,High,570.0,1.37
1681,77340,City Hotel,2016-04-09,2,31,70.0,0.9907,High,140.0,1.3
1682,77344,City Hotel,2016-04-09,2,31,70.0,0.9907,High,140.0,1.3
1683,77346,City Hotel,2016-04-09,2,31,70.0,0.9907,High,140.0,1.3
1684,77347,City Hotel,2016-04-09,2,31,70.0,0.9907,High,140.0,1.3
1685,77348,City Hotel,2016-04-09,2,31,70.0,0.9907,High,140.0,1.3
1686,77349,City Hotel,2016-04-09,2,31,70.0,0.9907,High,140.0,1.3
1687,83092,City Hotel,2016-04-08,2,31,12.0,0.9461,High,24.0,1.29
1688,61015,City Hotel,2016-11-29,3,8,90.0,0.9953,High,270.0,1.27
1689,65716,City Hotel,2017-04-06,3,4,135.0,0.9969,High,405.0,1.26
1690,52443,City Hotel,2016-06-07,3,62,130.0,0.9968,High,390.0,1.25
1691,52444,City Hotel,2016-06-07,3,62,130.0,0.9968,High,390.0,1.25
1692,52445,City Hotel,2016-06-07,3,62,130.0,0.9968,High,390.0,1.25
1693,52446,City Hotel,2016-06-07,3,62,130.0,0.9968,High,390.0,1.25
1694,52447,City Hotel,2016-06-07,3,62,130.0,0.9968,High,390.0,1.25
1695,52448,City Hotel,2016-06-07,3,62,130.0,0.9968,High,390.0,1.25
1696,52449,City Hotel,2016-06-07,3,62,130.0,0.9968,High,390.0,1.25
1697,52450,City Hotel,2016-06-07,3,62,130.0,0.9968,High,390.0,1.25
1698,52451,City Hotel,2016-06-07,3,62,130.0,0.9968,High,390.0,1.25
1699,52452,City Hotel,2016-06-07,3,62,130.0,0.9968,High,390.0,1.25
1700,52453,City Hotel,2016-06-07,3,62,130.0,0.9968,High,390.0,1.25
1701,52454,City Hotel,2016-06-07,3,62,130.0,0.9968,High,390.0,1.25
1702,52455,City Hotel,2016-06-07,3,62,130.0,0.9968,High,390.0,1.25
1703,52456,City Hotel,2016-06-07,3,62,130.0,0.9968,High,390.0,1.25
1704,52458,City Hotel,2016-06-07,3,62,130.0,0.9968,High,390.0,1.25
1705,52459,City Hotel,2016-06-07,3,62,130.0,0.9968,High,390.0,1.25
1706,52460,City Hotel,2016-06-07,3,62,130.0,0.9968,High,390.0,1.25
1707,52461,City Hotel,2016-06-07,3,62,130.0,0.9968,High,390.0,1.25
1708,52462,City Hotel,2016-06-07,3,62,130.0,0.9968,High,390.0,1.25
1709,52463,City Hotel,2016-06-07,3,62,130.0,0.9968,High,390.0,1.25
1710,52464,City Hotel,2016-06-07,3,62,130.0,0.9968,High,390.0,1.25
1711,52465,City Hotel,2016-06-07,3,62,130.0,0.9968,High,390.0,1.25
1712,52466,City Hotel,2016-06-07,3,62,130.0,0.9968,High,390.0,1.25
1713,52467,City Hotel,2016-06-07,3,62,130.0,0.9968,High,390.0,1.25
1714,52468,City Hotel,2016-06-07,3,62,130.0,0.9968,High,390.0,1.25
1715,52469,City Hotel,2016-06-07,3,62,130.0,0.9968,High,390.0,1.25
1716,52470,City Hotel,2016-06-07,3,62,130.0,0.9968,High,390.0,1.25
1717,52471,City Hotel,2016-06-07,3,62,130.0,0.9968,High,390.0,1.25
1718,52472,City Hotel,2016-06-07,3,62,130.0,0.9968,High,390.0,1.25
1719,52473,City Hotel,2016-06-07,3,62,130.0,0.9968,High,390.0,1.25
1720,52474,City Hotel,2016-06-07,3,62,130.0,0.9968,High,390.0,1.25
1721,52475,City Hotel,2016-06-07,3,62,130.0,0.9968,High,390.0,1.25
1722,52476,City Hotel,2016-06-07,3,62,130.0,0.9968,High,390.0,1.25
1723,52477,City Hotel,2016-06-07,3,62,130.0,0.9968,High,390.0,1.25
1724,52478,City Hotel,2016-06-07,3,62,130.0,0.9968,High,390.0,1.25
1725,52479,City Hotel,2016-06-07,3,62,130.0,0.9968,High,390.0,1.25
1726,52480,City Hotel,2016-06-07,3,62,130.0,0.9968,High,390.0,1.25
1727,52481,City Hotel,2016-06-07,3,62,130.0,0.9968,High,390.0,1.25
1728,52482,City Hotel,2016-06-07,3,62,130.0,0.9968,High,390.0,1.25
1729,52483,City Hotel,2016-06-07,3,62,130.0,0.9968,High,390.0,1.25
1730,52484,City Hotel,2016-06-07,3,62,130.0,0.9968,High,390.0,1.25
1731,52485,City Hotel,2016-06-07,3,62,130.0,0.9968,High,390.0,1.25
1732,52486,City Hotel,2016-06-07,3,62,130.0,0.9968,High,390.0,1.25
1733,52487,City Hotel,2016-06-07,3,62,130.0,0.9968,High,390.0,1.25
1734,52488,City Hotel,2016-06-07,3,62,130.0,0.9968,High,390.0,1.25
1735,52489,City Hotel,2016-06-07,3,62,130.0,0.9968,High,390.0,1.25
1736,52490,City Hotel,2016-06-07,3,62,130.0,0.9968,High,390.0,1.25
1737,52491,City Hotel,2016-06-07,3,62,130.0,0.9968,High,390.0,1.25
1738,52492,City Hotel,2016-06-07,3,62,130.0,0.9968,High,390.0,1.25
1739,52493,City Hotel,2016-06-07,3,62,130.0,0.9968,High,390.0,1.25
1740,52494,City Hotel,2016-06-07,3,62,130.0,0.9968,High,390.0,1.25
1741,52495,City Hotel,2016-06-07,3,62,130.0,0.9968,High,390.0,1.25
1742,52496,City Hotel,2016-06-07,3,62,130.0,0.9968,High,390.0,1.25
1743,52497,City Hotel,2016-06-07,3,62,130.0,0.9968,High,390.0,1.25
1744,52498,City Hotel,2016-06-07,3,62,130.0,0.9968,High,390.0,1.25
1745,52499,City Hotel,2016-06-07,3,62,130.0,0.9968,High,390.0,1.25
1746,52500,City Hotel,2016-06-07,3,62,130.0,0.9968,High,390.0,1.25
1747,52501,City Hotel,2016-06-07,3,62,130.0,0.9968,High,390.0,1.25
1748,52502,City Hotel,2016-06-07,3,62,130.0,0.9968,High,390.0,1.25
1749,52503,City Hotel,2016-06-07,3,62,130.0,0.9968,High,390.0,1.25
1750,69446,City Hotel,2017-05-31,2,7,135.0,0.9956,High,270.0,1.19
1751,69181,City Hotel,2017-05-26,3,93,140.0,0.9973,High,420.0,1.13
1752,53835,City Hotel,2016-06-30,4,40,85.0,0.9967,High,340.0,1.12
1753,68455,City Hotel,2017-05-18,3,7,190.0,0.9981,High,570.0,1.08
1754,70701,City Hotel,2017-06-21,4,59,120.0,0.9978,High,480.0,1.06
1755,69971,City Hotel,2017-06-08,3,23,170.0,0.998,High,510.0,1.02
1756,52948,City Hotel,2016-06-14,3,24,120.0,0.9972,High,360.0,1.01
1757,70723,City Hotel,2017-06-21,4,59,110.0,0.9977,High,440.0,1.01
1758,51506,City Hotel,2016-05-20,2,30,140.0,0.9965,High,280.0,0.98
1759,64726,City Hotel,2017-03-15,3,38,85.0,0.9963,High,255.0,0.94
1760,68630,City Hotel,2017-05-19,2,15,160.0,0.9971,High,320.0,0.93
1761,45599,City Hotel,2015-11-13,2,69,75.0,0.9939,High,150.0,0.91
1762,45600,City Hotel,2015-11-13,2,69,75.0,0.9939,High,150.0,0.91
1763,45601,City Hotel,2015-11-13,2,69,75.0,0.9939,High,150.0,0.91
1764,45603,City Hotel,2015-11-13,2,69,75.0,0.9939,High,150.0,0.91
1765,45604,City Hotel,2015-11-13,2,69,75.0,0.9939,High,150.0,0.91
1766,45606,City Hotel,2015-11-13,2,69,75.0,0.9939,High,150.0,0.91
1767,45607,City Hotel,2015-11-13,2,69,75.0,0.9939,High,150.0,0.91
1768,45608,City Hotel,2015-11-13,2,69,75.0,0.9939,High,150.0,0.91
1769,45609,City Hotel,2015-11-13,2,69,75.0,0.9939,High,150.0,0.91
1770,45611,City Hotel,2015-11-13,2,69,75.0,0.9939,High,150.0,0.91
1771,45612,City Hotel,2015-11-13,2,69,75.0,0.9939,High,150.0,0.91
1772,45613,City Hotel,2015-11-13,2,69,75.0,0.9939,High,150.0,0.91
1773,45614,City Hotel,2015-11-13,2,69,75.0,0.9939,High,150.0,0.91
1774,45616,City Hotel,2015-11-13,2,69,75.0,0.9939,High,150.0,0.91
1775,45617,City Hotel,2015-11-13,2,69,75.0,0.9939,High,150.0,0.91
1776,45618,City Hotel,2015-11-13,2,69,75.0,0.9939,High,150.0,0.91
1777,46084,City Hotel,2015-12-09,2,57,70.0,0.9937,High,140.0,0.88
1778,46096,City Hotel,2015-12-09,2,57,70.0,0.9937,High,140.0,0.88
1779,46098,City Hotel,2015-12-09,2,57,70.0,0.9937,High,140.0,0.88
1780,46099,City Hotel,2015-12-09,2,57,70.0,0.9937,High,140.0,0.88
1781,65871,City Hotel,2017-04-09,2,7,100.0,0.9956,High,200.0,0.88
1782,69513,City Hotel,2017-06-01,3,35,110.0,0.9974,High,330.0,0.86
1783,68151,City Hotel,2017-05-13,4,46,95.0,0.9978,High,380.0,0.84
1784,70307,City Hotel,2017-06-14,4,71,110.0,0.9981,High,440.0,0.84
1785,12002,Resort Hotel,2017-06-08,5,5,74.0,0.9978,High,370.0,0.81
1786,53905,City Hotel,2016-07-01,3,40,75.0,0.9964,High,225.0,0.81
1787,64605,City Hotel,2017-03-13,2,53,80.0,0.995,High,160.0,0.8
1788,65453,City Hotel,2017-04-03,4,111,105.0,0.9981,High,420.0,0.8
1789,66204,City Hotel,2017-04-15,4,113,95.0,0.998,High,380.0,0.76
1790,59042,City Hotel,2016-10-20,3,11,50.0,0.995,High,150.0,0.75
1791,71150,City Hotel,2017-06-28,4,71,110.0,0.9983,High,440.0,0.75
1792,46366,City Hotel,2015-12-30,5,79,67.0,0.9978,High,335.0,0.74
1793,46367,City Hotel,2015-12-30,5,79,67.0,0.9978,High,335.0,0.74
1794,46368,City Hotel,2015-12-30,5,79,67.0,0.9978,High,335.0,0.74
1795,46370,City Hotel,2015-12-30,5,79,67.0,0.9978,High,335.0,0.74
1796,46371,City Hotel,2015-12-30,5,79,67.0,0.9978,High,335.0,0.74
1797,46372,City Hotel,2015-12-30,5,79,67.0,0.9978,High,335.0,0.74
1798,46373,City Hotel,2015-12-30,5,79,67.0,0.9978,High,335.0,0.74
1799,46374,City Hotel,2015-12-30,5,79,67.0,0.9978,High,335.0,0.74
1800,46375,City Hotel,2015-12-30,5,79,67.0,0.9978,High,335.0,0.74
1801,46376,City Hotel,2015-12-30,5,79,67.0,0.9978,High,335.0,0.74
1802,46377,City Hotel,2015-12-30,5,79,67.0,0.9978,High,335.0,0.74
1803,46378,City Hotel,2015-12-30,5,79,67.0,0.9978,High,335.0,0.74
1804,46379,City Hotel,2015-12-30,5,79,67.0,0.9978,High,335.0,0.74
1805,46380,City Hotel,2015-12-30,5,79,67.0,0.9978,High,335.0,0.74
1806,46381,City Hotel,2015-12-30,5,79,67.0,0.9978,High,335.0,0.74
1807,46382,City Hotel,2015-12-30,5,79,67.0,0.9978,High,335.0,0.74
1808,46384,City Hotel,2015-12-30,5,79,67.0,0.9978,High,335.0,0.74
1809,46385,City Hotel,2015-12-30,5,79,67.0,0.9978,High,335.0,0.74
1810,46386,City Hotel,2015-12-30,5,79,67.0,0.9978,High,335.0,0.74
1811,46387,City Hotel,2015-12-30,5,79,67.0,0.9978,High,335.0,0.74
1812,62437,City Hotel,2017-01-14,1,16,75.0,0.9902,High,75.0,0.74
1813,68892,City Hotel,2017-05-22,2,33,128.0,0.9971,High,256.0,0.74
1814,68308,City Hotel,2017-05-15,3,60,160.0,0.9985,High,480.0,0.72
1815,66299,City Hotel,2017-04-16,3,46,100.0,0.9977,High,300.0,0.69
1816,66445,City Hotel,2017-04-20,3,18,85.0,0.9973,High,255.0,0.69
1817,59217,City Hotel,2016-10-22,4,20,80.75,0.9979,High,323.0,0.68
1818,59221,City Hotel,2016-10-22,4,20,89.25,0.9981,High,357.0,0.68
1819,64965,City Hotel,2017-03-21,3,43,85.0,0.9974,High,255.0,0.66
1820,67557,City Hotel,2017-05-04,3,27,100.0,0.9978,High,300.0,0.66
1821,69088,City Hotel,2017-05-25,3,34,115.0,0.9981,High,345.0,0.66
1822,70211,City Hotel,2017-06-12,2,34,110.0,0.997,High,220.0,0.66
1823,83094,City Hotel,2016-04-10,2,31,12.0,0.9727,High,24.0,0.66
1824,69816,City Hotel,2017-06-07,2,34,110.0,0.9972,High,220.0,0.62
1825,68340,City Hotel,2017-05-15,3,14,96.4,0.9979,High,289.20000000000005,0.61
1826,69060,City Hotel,2017-05-25,2,32,130.0,0.9977,High,260.0,0.6
1827,71796,City Hotel,2017-07-12,5,71,110.0,0.9989,High,550.0,0.6
1828,46402,City Hotel,2015-12-31,4,98,77.5,0.9981,High,310.0,0.59
1829,46403,City Hotel,2015-12-31,4,98,77.5,0.9981,High,310.0,0.59
1830,46404,City Hotel,2015-12-31,4,98,77.5,0.9981,High,310.0,0.59
1831,46405,City Hotel,2015-12-31,4,98,77.5,0.9981,High,310.0,0.59
1832,46406,City Hotel,2015-12-31,4,98,77.5,0.9981,High,310.0,0.59
1833,46407,City Hotel,2015-12-31,4,98,77.5,0.9981,High,310.0,0.59
1834,46408,City Hotel,2015-12-31,4,98,77.5,0.9981,High,310.0,0.59
1835,46409,City Hotel,2015-12-31,4,98,77.5,0.9981,High,310.0,0.59
1836,46410,City Hotel,2015-12-31,4,98,77.5,0.9981,High,310.0,0.59
1837,46411,City Hotel,2015-12-31,4,98,77.5,0.9981,High,310.0,0.59
1838,46413,City Hotel,2015-12-31,4,98,77.5,0.9981,High,310.0,0.59
1839,46414,City Hotel,2015-12-31,4,98,77.5,0.9981,High,310.0,0.59
1840,46415,City Hotel,2015-12-31,4,98,77.5,0.9981,High,310.0,0.59
1841,46416,City Hotel,2015-12-31,4,98,77.5,0.9981,High,310.0,0.59
1842,46418,City Hotel,2015-12-31,4,98,77.5,0.9981,High,310.0,0.59
1843,63127,City Hotel,2017-02-01,3,28,60.0,0.9967,High,180.0,0.59
1844,65319,City Hotel,2017-03-31,2,28,90.0,0.9967,High,180.0,0.59
1845,48526,City Hotel,2016-03-25,3,101,130.0,0.9985,High,390.0,0.58
1846,48527,City Hotel,2016-03-25,3,101,130.0,0.9985,High,390.0,0.58
1847,48528,City Hotel,2016-03-25,3,101,130.0,0.9985,High,390.0,0.58
1848,48536,City Hotel,2016-03-25,3,101,130.0,0.9985,High,390.0,0.58
1849,48538,City Hotel,2016-03-25,3,101,130.0,0.9985,High,390.0,0.58
1850,48539,City Hotel,2016-03-25,3,101,130.0,0.9985,High,390.0,0.58
1851,48540,City Hotel,2016-03-25,3,101,130.0,0.9985,High,390.0,0.58
1852,48547,City Hotel,2016-03-25,3,101,130.0,0.9985,High,390.0,0.58
1853,48548,City Hotel,2016-03-25,3,101,130.0,0.9985,High,390.0,0.58
1854,48550,City Hotel,2016-03-25,3,101,130.0,0.9985,High,390.0,0.58
1855,48554,City Hotel,2016-03-25,3,101,130.0,0.9985,High,390.0,0.58
1856,48555,City Hotel,2016-03-25,3,101,130.0,0.9985,High,390.0,0.58
1857,48556,City Hotel,2016-03-25,3,101,130.0,0.9985,High,390.0,0.58
1858,48562,City Hotel,2016-03-25,3,101,130.0,0.9985,High,390.0,0.58
1859,48563,City Hotel,2016-03-25,3,101,130.0,0.9985,High,390.0,0.58
1860,48564,City Hotel,2016-03-25,3,101,130.0,0.9985,High,390.0,0.58
1861,48565,City Hotel,2016-03-25,3,101,130.0,0.9985,High,390.0,0.58
1862,48567,City Hotel,2016-03-25,3,101,130.0,0.9985,High,390.0,0.58
1863,48568,City Hotel,2016-03-25,3,101,130.0,0.9985,High,390.0,0.58
1864,48569,City Hotel,2016-03-25,3,101,130.0,0.9985,High,390.0,0.58
1865,48572,City Hotel,2016-03-25,3,101,130.0,0.9985,High,390.0,0.58
1866,48573,City Hotel,2016-03-25,3,101,130.0,0.9985,High,390.0,0.58
1867,48582,City Hotel,2016-03-25,3,101,130.0,0.9985,High,390.0,0.58
1868,48583,City Hotel,2016-03-25,3,101,130.0,0.9985,High,390.0,0.58
1869,48584,City Hotel,2016-03-25,3,101,130.0,0.9985,High,390.0,0.58
1870,48587,City Hotel,2016-03-25,3,101,130.0,0.9985,High,390.0,0.58
1871,48590,City Hotel,2016-03-25,3,101,130.0,0.9985,High,390.0,0.58
1872,48591,City Hotel,2016-03-25,3,101,130.0,0.9985,High,390.0,0.58
1873,48592,City Hotel,2016-03-25,3,101,130.0,0.9985,High,390.0,0.58
1874,48600,City Hotel,2016-03-25,3,101,130.0,0.9985,High,390.0,0.58
1875,48601,City Hotel,2016-03-25,3,101,130.0,0.9985,High,390.0,0.58
1876,48603,City Hotel,2016-03-25,3,101,130.0,0.9985,High,390.0,0.58
1877,48604,City Hotel,2016-03-25,3,101,130.0,0.9985,High,390.0,0.58
1878,48608,City Hotel,2016-03-25,3,101,130.0,0.9985,High,390.0,0.58
1879,48609,City Hotel,2016-03-25,3,101,130.0,0.9985,High,390.0,0.58
1880,48612,City Hotel,2016-03-25,3,101,130.0,0.9985,High,390.0,0.58
1881,57106,City Hotel,2016-09-19,1,8,136.0,0.9957,High,136.0,0.58
1882,70889,City Hotel,2017-06-24,3,26,130.0,0.9985,High,390.0,0.58
1883,59643,City Hotel,2016-10-30,2,193,105.0,0.9973,High,210.0,0.57
1884,67329,City Hotel,2017-05-01,4,39,130.0,0.9989,High,520.0,0.57
1885,11999,Resort Hotel,2017-06-08,5,5,66.0,0.9983,High,330.0,0.56
1886,61920,City Hotel,2016-12-28,6,76,76.67,0.9988,High,460.02,0.55
1887,62636,City Hotel,2017-01-18,3,16,65.0,0.9972,High,195.0,0.55
1888,66553,City Hotel,2017-04-21,3,28,90.0,0.998,High,270.0,0.54
1889,70901,City Hotel,2017-06-24,3,26,120.0,0.9985,High,360.0,0.54
1890,63671,City Hotel,2017-02-17,2,16,95.0,0.9972,High,190.0,0.53
1891,63747,City Hotel,2017-02-20,2,9,85.0,0.9969,High,170.0,0.53
1892,45979,City Hotel,2015-12-04,4,91,65.0,0.998,High,260.0,0.52
1893,45980,City Hotel,2015-12-04,4,91,65.0,0.998,High,260.0,0.52
1894,45981,City Hotel,2015-12-04,4,91,65.0,0.998,High,260.0,0.52
1895,45982,City Hotel,2015-12-04,4,91,65.0,0.998,High,260.0,0.52
1896,45984,City Hotel,2015-12-04,4,91,65.0,0.998,High,260.0,0.52
1897,45985,City Hotel,2015-12-04,4,91,65.0,0.998,High,260.0,0.52
1898,45986,City Hotel,2015-12-04,4,91,65.0,0.998,High,260.0,0.52
1899,45987,City Hotel,2015-12-04,4,91,65.0,0.998,High,260.0,0.52
1900,45989,City Hotel,2015-12-04,4,91,65.0,0.998,High,260.0,0.52
1901,45990,City Hotel,2015-12-04,4,91,65.0,0.998,High,260.0,0.52
1902,45991,City Hotel,2015-12-04,4,91,65.0,0.998,High,260.0,0.52
1903,45992,City Hotel,2015-12-04,4,91,65.0,0.998,High,260.0,0.52
1904,45993,City Hotel,2015-12-04,4,91,65.0,0.998,High,260.0,0.52
1905,45994,City Hotel,2015-12-04,4,91,65.0,0.998,High,260.0,0.52
1906,45995,City Hotel,2015-12-04,4,91,65.0,0.998,High,260.0,0.52
1907,45996,City Hotel,2015-12-04,4,91,65.0,0.998,High,260.0,0.52
1908,45998,City Hotel,2015-12-04,4,91,65.0,0.998,High,260.0,0.52
1909,45999,City Hotel,2015-12-04,4,91,65.0,0.998,High,260.0,0.52
1910,46000,City Hotel,2015-12-04,4,91,65.0,0.998,High,260.0,0.52
1911,46003,City Hotel,2015-12-04,4,91,65.0,0.998,High,260.0,0.52
1912,46004,City Hotel,2015-12-04,4,91,65.0,0.998,High,260.0,0.52
1913,46005,City Hotel,2015-12-04,4,91,65.0,0.998,High,260.0,0.52
1914,46006,City Hotel,2015-12-04,4,91,65.0,0.998,High,260.0,0.52
1915,46007,City Hotel,2015-12-04,4,91,65.0,0.998,High,260.0,0.52
1916,46008,City Hotel,2015-12-04,4,91,65.0,0.998,High,260.0,0.52
1917,46078,City Hotel,2015-12-09,2,57,75.0,0.9965,High,150.0,0.52
1918,46079,City Hotel,2015-12-09,2,57,75.0,0.9965,High,150.0,0.52
1919,46080,City Hotel,2015-12-09,2,57,75.0,0.9965,High,150.0,0.52
1920,46081,City Hotel,2015-12-09,2,57,75.0,0.9965,High,150.0,0.52
1921,46082,City Hotel,2015-12-09,2,57,75.0,0.9965,High,150.0,0.52
1922,46083,City Hotel,2015-12-09,2,57,75.0,0.9965,High,150.0,0.52
1923,46085,City Hotel,2015-12-09,2,57,75.0,0.9965,High,150.0,0.52
1924,46086,City Hotel,2015-12-09,2,57,75.0,0.9965,High,150.0,0.52
1925,46087,City Hotel,2015-12-09,2,57,75.0,0.9965,High,150.0,0.52
1926,46088,City Hotel,2015-12-09,2,57,75.0,0.9965,High,150.0,0.52
1927,46089,City Hotel,2015-12-09,2,57,75.0,0.9965,High,150.0,0.52
1928,46090,City Hotel,2015-12-09,2,57,75.0,0.9965,High,150.0,0.52
1929,46091,City Hotel,2015-12-09,2,57,75.0,0.9965,High,150.0,0.52
1930,46092,City Hotel,2015-12-09,2,57,75.0,0.9965,High,150.0,0.52
1931,46093,City Hotel,2015-12-09,2,57,75.0,0.9965,High,150.0,0.52
1932,46094,City Hotel,2015-12-09,2,57,75.0,0.9965,High,150.0,0.52
1933,46095,City Hotel,2015-12-09,2,57,75.0,0.9965,High,150.0,0.52
1934,46097,City Hotel,2015-12-09,2,57,75.0,0.9965,High,150.0,0.52
1935,46100,City Hotel,2015-12-09,2,57,75.0,0.9965,High,150.0,0.52
1936,46101,City Hotel,2015-12-09,2,57,75.0,0.9965,High,150.0,0.52
1937,66855,City Hotel,2017-04-26,2,30,130.0,0.998,High,260.0,0.52
1938,69271,City Hotel,2017-05-28,5,44,130.0,0.9992,High,650.0,0.52
1939,48537,City Hotel,2016-03-25,3,101,130.0,0.9987,High,390.0,0.51
1940,48574,City Hotel,2016-03-25,3,101,130.0,0.9987,High,390.0,0.51
1941,48599,City Hotel,2016-03-25,3,101,130.0,0.9987,High,390.0,0.51
1942,48611,City Hotel,2016-03-25,3,101,130.0,0.9987,High,390.0,0.51
1943,64665,City Hotel,2017-03-15,2,5,110.0,0.9977,High,220.0,0.51
1944,66511,City Hotel,2017-04-21,2,47,95.0,0.9973,High,190.0,0.51
1945,67434,City Hotel,2017-05-03,3,20,100.0,0.9983,High,300.0,0.51
1946,69586,City Hotel,2017-06-02,3,117,130.0,0.9987,High,390.0,0.51
1947,57108,City Hotel,2016-09-19,1,8,118.15,0.9958,High,118.15,0.5
1948,63754,City Hotel,2017-02-20,2,9,75.0,0.9967,High,150.0,0.49
1949,57103,City Hotel,2016-09-19,1,8,118.15,0.9959,High,118.15,0.48
1950,67030,City Hotel,2017-04-27,4,175,120.0,0.999,High,480.0,0.48
1951,69706,City Hotel,2017-06-04,4,57,120.0,0.999,High,480.0,0.48
1952,72316,City Hotel,2017-07-26,4,71,110.0,0.9989,High,440.0,0.48
1953,69903,City Hotel,2017-06-08,2,11,100.0,0.9977,High,200.0,0.46
1954,70807,City Hotel,2017-06-23,2,59,125.0,0.9982,High,250.0,0.45
1955,10473,Resort Hotel,2017-03-09,3,60,46.0,0.9968,High,138.0,0.44
1956,63855,City Hotel,2017-02-23,4,165,78.0,0.9986,High,312.0,0.44
1957,69485,City Hotel,2017-06-01,2,11,100.0,0.9978,High,200.0,0.44
1958,48989,City Hotel,2016-04-04,3,41,70.0,0.998,High,210.0,0.42
1959,48993,City Hotel,2016-04-04,3,41,70.0,0.998,High,210.0,0.42
1960,62937,City Hotel,2017-01-25,2,22,80.0,0.9974,High,160.0,0.42
1961,69878,City Hotel,2017-06-08,2,12,120.0,0.9983,High,240.0,0.41
1962,62837,City Hotel,2017-01-23,2,22,80.0,0.9975,High,160.0,0.4
1963,69565,City Hotel,2017-06-02,2,99,100.0,0.998,High,200.0,0.4
1964,44090,City Hotel,2015-09-30,2,21,108.0,0.9982,High,216.0,0.39
1965,44091,City Hotel,2015-09-30,2,21,108.0,0.9982,High,216.0,0.39
1966,44094,City Hotel,2015-09-30,2,21,108.0,0.9982,High,216.0,0.39
1967,44095,City Hotel,2015-09-30,2,21,108.0,0.9982,High,216.0,0.39
1968,44098,City Hotel,2015-09-30,2,21,108.0,0.9982,High,216.0,0.39
1969,44099,City Hotel,2015-09-30,2,21,108.0,0.9982,High,216.0,0.39
1970,44103,City Hotel,2015-09-30,2,21,108.0,0.9982,High,216.0,0.39
1971,44104,City Hotel,2015-09-30,2,21,108.0,0.9982,High,216.0,0.39
1972,44105,City Hotel,2015-09-30,2,21,108.0,0.9982,High,216.0,0.39
1973,44106,City Hotel,2015-09-30,2,21,108.0,0.9982,High,216.0,0.39
1974,44108,City Hotel,2015-09-30,2,21,108.0,0.9982,High,216.0,0.39
1975,44110,City Hotel,2015-09-30,2,21,108.0,0.9982,High,216.0,0.39
1976,44111,City Hotel,2015-09-30,2,21,108.0,0.9982,High,216.0,0.39
1977,44114,City Hotel,2015-09-30,2,21,108.0,0.9982,High,216.0,0.39
1978,44115,City Hotel,2015-09-30,2,21,108.0,0.9982,High,216.0,0.39
1979,44117,City Hotel,2015-09-30,2,21,108.0,0.9982,High,216.0,0.39
1980,44118,City Hotel,2015-09-30,2,21,108.0,0.9982,High,216.0,0.39
1981,44123,City Hotel,2015-09-30,2,21,108.0,0.9982,High,216.0,0.39
1982,44124,City Hotel,2015-09-30,2,21,108.0,0.9982,High,216.0,0.39
1983,44128,City Hotel,2015-09-30,2,21,108.0,0.9982,High,216.0,0.39
1984,44129,City Hotel,2015-09-30,2,21,108.0,0.9982,High,216.0,0.39
1985,44133,City Hotel,2015-09-30,2,21,108.0,0.9982,High,216.0,0.39
1986,52980,City Hotel,2016-06-15,2,39,130.0,0.9985,High,260.0,0.39
1987,52981,City Hotel,2016-06-15,2,39,130.0,0.9985,High,260.0,0.39
1988,52982,City Hotel,2016-06-15,2,39,130.0,0.9985,High,260.0,0.39
1989,52983,City Hotel,2016-06-15,2,39,130.0,0.9985,High,260.0,0.39
1990,52984,City Hotel,2016-06-15,2,39,130.0,0.9985,High,260.0,0.39
1991,52985,City Hotel,2016-06-15,2,39,130.0,0.9985,High,260.0,0.39
1992,52986,City Hotel,2016-06-15,2,39,130.0,0.9985,High,260.0,0.39
1993,52987,City Hotel,2016-06-15,2,39,130.0,0.9985,High,260.0,0.39
1994,52988,City Hotel,2016-06-15,2,39,130.0,0.9985,High,260.0,0.39
1995,52993,City Hotel,2016-06-15,2,39,130.0,0.9985,High,260.0,0.39
1996,52994,City Hotel,2016-06-15,2,39,130.0,0.9985,High,260.0,0.39
1997,52995,City Hotel,2016-06-15,2,39,130.0,0.9985,High,260.0,0.39
1998,52996,City Hotel,2016-06-15,2,39,130.0,0.9985,High,260.0,0.39
1999,52997,City Hotel,2016-06-15,2,39,130.0,0.9985,High,260.0,0.39
2000,52998,City Hotel,2016-06-15,2,39,130.0,0.9985,High,260.0,0.39
2001,52999,City Hotel,2016-06-15,2,39,130.0,0.9985,High,260.0,0.39
2002,53000,City Hotel,2016-06-15,2,39,130.0,0.9985,High,260.0,0.39
2003,53002,City Hotel,2016-06-15,2,39,130.0,0.9985,High,260.0,0.39
2004,53003,City Hotel,2016-06-15,2,39,130.0,0.9985,High,260.0,0.39
2005,53004,City Hotel,2016-06-15,2,39,130.0,0.9985,High,260.0,0.39
2006,53005,City Hotel,2016-06-15,2,39,130.0,0.9985,High,260.0,0.39
2007,53006,City Hotel,2016-06-15,2,39,130.0,0.9985,High,260.0,0.39
2008,53007,City Hotel,2016-06-15,2,39,130.0,0.9985,High,260.0,0.39
2009,53008,City Hotel,2016-06-15,2,39,130.0,0.9985,High,260.0,0.39
2010,53009,City Hotel,2016-06-15,2,39,130.0,0.9985,High,260.0,0.39
2011,53010,City Hotel,2016-06-15,2,39,130.0,0.9985,High,260.0,0.39
2012,53011,City Hotel,2016-06-15,2,39,130.0,0.9985,High,260.0,0.39
2013,53012,City Hotel,2016-06-15,2,39,130.0,0.9985,High,260.0,0.39
2014,53013,City Hotel,2016-06-15,2,39,130.0,0.9985,High,260.0,0.39
2015,53014,City Hotel,2016-06-15,2,39,130.0,0.9985,High,260.0,0.39
2016,53015,City Hotel,2016-06-15,2,39,130.0,0.9985,High,260.0,0.39
2017,53017,City Hotel,2016-06-15,2,39,130.0,0.9985,High,260.0,0.39
2018,53018,City Hotel,2016-06-15,2,39,130.0,0.9985,High,260.0,0.39
2019,53019,City Hotel,2016-06-15,2,39,130.0,0.9985,High,260.0,0.39
2020,53022,City Hotel,2016-06-15,2,39,130.0,0.9985,High,260.0,0.39
2021,53023,City Hotel,2016-06-15,2,39,130.0,0.9985,High,260.0,0.39
2022,53024,City Hotel,2016-06-15,2,39,130.0,0.9985,High,260.0,0.39
2023,53025,City Hotel,2016-06-15,2,39,130.0,0.9985,High,260.0,0.39
2024,53026,City Hotel,2016-06-15,2,39,130.0,0.9985,High,260.0,0.39
2025,53027,City Hotel,2016-06-15,2,39,130.0,0.9985,High,260.0,0.39
2026,53028,City Hotel,2016-06-15,2,39,130.0,0.9985,High,260.0,0.39
2027,53029,City Hotel,2016-06-15,2,39,130.0,0.9985,High,260.0,0.39
2028,53034,City Hotel,2016-06-15,2,39,130.0,0.9985,High,260.0,0.39
2029,53035,City Hotel,2016-06-15,2,39,130.0,0.9985,High,260.0,0.39
2030,53036,City Hotel,2016-06-15,2,39,130.0,0.9985,High,260.0,0.39
2031,53037,City Hotel,2016-06-15,2,39,130.0,0.9985,High,260.0,0.39
2032,53038,City Hotel,2016-06-15,2,39,130.0,0.9985,High,260.0,0.39
2033,53039,City Hotel,2016-06-15,2,39,130.0,0.9985,High,260.0,0.39
2034,53040,City Hotel,2016-06-15,2,39,130.0,0.9985,High,260.0,0.39
2035,53041,City Hotel,2016-06-15,2,39,130.0,0.9985,High,260.0,0.39
2036,53042,City Hotel,2016-06-15,2,39,130.0,0.9985,High,260.0,0.39
2037,53043,City Hotel,2016-06-15,2,39,130.0,0.9985,High,260.0,0.39
2038,53044,City Hotel,2016-06-15,2,39,130.0,0.9985,High,260.0,0.39
2039,53045,City Hotel,2016-06-15,2,39,130.0,0.9985,High,260.0,0.39
2040,53046,City Hotel,2016-06-15,2,39,130.0,0.9985,High,260.0,0.39
2041,53047,City Hotel,2016-06-15,2,39,130.0,0.9985,High,260.0,0.39
2042,53048,City Hotel,2016-06-15,2,39,130.0,0.9985,High,260.0,0.39
2043,53049,City Hotel,2016-06-15,2,39,130.0,0.9985,High,260.0,0.39
2044,53050,City Hotel,2016-06-15,2,39,130.0,0.9985,High,260.0,0.39
2045,53051,City Hotel,2016-06-15,2,39,130.0,0.9985,High,260.0,0.39
2046,53052,City Hotel,2016-06-15,2,39,130.0,0.9985,High,260.0,0.39
2047,53056,City Hotel,2016-06-15,2,39,130.0,0.9985,High,260.0,0.39
2048,53057,City Hotel,2016-06-15,2,39,130.0,0.9985,High,260.0,0.39
2049,53058,City Hotel,2016-06-15,2,39,130.0,0.9985,High,260.0,0.39
2050,53059,City Hotel,2016-06-15,2,39,130.0,0.9985,High,260.0,0.39
2051,53060,City Hotel,2016-06-15,2,39,130.0,0.9985,High,260.0,0.39
2052,53061,City Hotel,2016-06-15,2,39,130.0,0.9985,High,260.0,0.39
2053,53062,City Hotel,2016-06-15,2,39,130.0,0.9985,High,260.0,0.39
2054,53063,City Hotel,2016-06-15,2,39,130.0,0.9985,High,260.0,0.39
2055,53064,City Hotel,2016-06-15,2,39,130.0,0.9985,High,260.0,0.39
2056,53065,City Hotel,2016-06-15,2,39,130.0,0.9985,High,260.0,0.39
2057,53066,City Hotel,2016-06-15,2,39,130.0,0.9985,High,260.0,0.39
2058,53067,City Hotel,2016-06-15,2,39,130.0,0.9985,High,260.0,0.39
2059,53068,City Hotel,2016-06-15,2,39,130.0,0.9985,High,260.0,0.39
2060,53069,City Hotel,2016-06-15,2,39,130.0,0.9985,High,260.0,0.39
2061,53070,City Hotel,2016-06-15,2,39,130.0,0.9985,High,260.0,0.39
2062,53071,City Hotel,2016-06-15,2,39,130.0,0.9985,High,260.0,0.39
2063,53072,City Hotel,2016-06-15,2,39,130.0,0.9985,High,260.0,0.39
2064,53073,City Hotel,2016-06-15,2,39,130.0,0.9985,High,260.0,0.39
2065,53074,City Hotel,2016-06-15,2,39,130.0,0.9985,High,260.0,0.39
2066,53079,City Hotel,2016-06-15,2,39,130.0,0.9985,High,260.0,0.39
2067,53080,City Hotel,2016-06-15,2,39,130.0,0.9985,High,260.0,0.39
2068,53081,City Hotel,2016-06-15,2,39,130.0,0.9985,High,260.0,0.39
2069,53082,City Hotel,2016-06-15,2,39,130.0,0.9985,High,260.0,0.39
2070,53083,City Hotel,2016-06-15,2,39,130.0,0.9985,High,260.0,0.39
2071,53084,City Hotel,2016-06-15,2,39,130.0,0.9985,High,260.0,0.39
2072,53085,City Hotel,2016-06-15,2,39,130.0,0.9985,High,260.0,0.39
2073,53086,City Hotel,2016-06-15,2,39,130.0,0.9985,High,260.0,0.39
2074,53087,City Hotel,2016-06-15,2,39,130.0,0.9985,High,260.0,0.39
2075,53088,City Hotel,2016-06-15,2,39,130.0,0.9985,High,260.0,0.39
2076,53089,City Hotel,2016-06-15,2,39,130.0,0.9985,High,260.0,0.39
2077,53090,City Hotel,2016-06-15,2,39,130.0,0.9985,High,260.0,0.39
2078,53091,City Hotel,2016-06-15,2,39,130.0,0.9985,High,260.0,0.39
2079,53092,City Hotel,2016-06-15,2,39,130.0,0.9985,High,260.0,0.39
2080,53093,City Hotel,2016-06-15,2,39,130.0,0.9985,High,260.0,0.39
2081,53094,City Hotel,2016-06-15,2,39,130.0,0.9985,High,260.0,0.39
2082,53095,City Hotel,2016-06-15,2,39,130.0,0.9985,High,260.0,0.39
2083,53096,City Hotel,2016-06-15,2,39,130.0,0.9985,High,260.0,0.39
2084,53097,City Hotel,2016-06-15,2,39,130.0,0.9985,High,260.0,0.39
2085,53098,City Hotel,2016-06-15,2,39,130.0,0.9985,High,260.0,0.39
2086,53099,City Hotel,2016-06-15,2,39,130.0,0.9985,High,260.0,0.39
2087,53100,City Hotel,2016-06-15,2,39,130.0,0.9985,High,260.0,0.39
2088,53101,City Hotel,2016-06-15,2,39,130.0,0.9985,High,260.0,0.39
2089,53102,City Hotel,2016-06-15,2,39,130.0,0.9985,High,260.0,0.39
2090,53103,City Hotel,2016-06-15,2,39,130.0,0.9985,High,260.0,0.39
2091,53104,City Hotel,2016-06-15,2,39,130.0,0.9985,High,260.0,0.39
2092,53105,City Hotel,2016-06-15,2,39,130.0,0.9985,High,260.0,0.39
2093,53106,City Hotel,2016-06-15,2,39,130.0,0.9985,High,260.0,0.39
2094,53112,City Hotel,2016-06-15,2,39,130.0,0.9985,High,260.0,0.39
2095,62624,City Hotel,2017-01-18,2,20,79.0,0.9975,High,158.0,0.39
2096,64639,City Hotel,2017-03-14,2,16,85.0,0.9977,High,170.0,0.39
2097,11827,Resort Hotel,2017-05-31,6,39,71.1,0.9991,High,426.6,0.38
2098,66692,City Hotel,2017-04-23,2,49,90.0,0.9979,High,180.0,0.38
2099,70958,City Hotel,2017-06-26,2,59,115.0,0.9984,High,230.0,0.37
2100,66836,City Hotel,2017-04-26,3,84,100.0,0.9988,High,300.0,0.36
2101,48530,City Hotel,2016-03-25,3,101,130.0,0.9991,High,390.0,0.35
2102,48549,City Hotel,2016-03-25,3,101,130.0,0.9991,High,390.0,0.35
2103,48575,City Hotel,2016-03-25,3,101,130.0,0.9991,High,390.0,0.35
2104,48605,City Hotel,2016-03-25,3,101,130.0,0.9991,High,390.0,0.35
2105,48606,City Hotel,2016-03-25,3,101,130.0,0.9991,High,390.0,0.35
2106,48610,City Hotel,2016-03-25,3,101,130.0,0.9991,High,390.0,0.35
2107,51655,City Hotel,2016-05-24,2,31,130.0,0.9987,High,260.0,0.34
2108,51656,City Hotel,2016-05-24,2,31,130.0,0.9987,High,260.0,0.34
2109,51657,City Hotel,2016-05-24,2,31,130.0,0.9987,High,260.0,0.34
2110,51658,City Hotel,2016-05-24,2,31,130.0,0.9987,High,260.0,0.34
2111,51659,City Hotel,2016-05-24,2,31,130.0,0.9987,High,260.0,0.34
2112,51660,City Hotel,2016-05-24,2,31,130.0,0.9987,High,260.0,0.34
2113,51661,City Hotel,2016-05-24,2,31,130.0,0.9987,High,260.0,0.34
2114,51662,City Hotel,2016-05-24,2,31,130.0,0.9987,High,260.0,0.34
2115,51663,City Hotel,2016-05-24,2,31,130.0,0.9987,High,260.0,0.34
2116,51664,City Hotel,2016-05-24,2,31,130.0,0.9987,High,260.0,0.34
2117,51665,City Hotel,2016-05-24,2,31,130.0,0.9987,High,260.0,0.34
2118,51666,City Hotel,2016-05-24,2,31,130.0,0.9987,High,260.0,0.34
2119,51667,City Hotel,2016-05-24,2,31,130.0,0.9987,High,260.0,0.34
2120,51668,City Hotel,2016-05-24,2,31,130.0,0.9987,High,260.0,0.34
2121,51669,City Hotel,2016-05-24,2,31,130.0,0.9987,High,260.0,0.34
2122,51670,City Hotel,2016-05-24,2,31,130.0,0.9987,High,260.0,0.34
2123,51671,City Hotel,2016-05-24,2,31,130.0,0.9987,High,260.0,0.34
2124,51672,City Hotel,2016-05-24,2,31,130.0,0.9987,High,260.0,0.34
2125,51673,City Hotel,2016-05-24,2,31,130.0,0.9987,High,260.0,0.34
2126,51674,City Hotel,2016-05-24,2,31,130.0,0.9987,High,260.0,0.34
2127,51675,City Hotel,2016-05-24,2,31,130.0,0.9987,High,260.0,0.34
2128,51676,City Hotel,2016-05-24,2,31,130.0,0.9987,High,260.0,0.34
2129,51677,City Hotel,2016-05-24,2,31,130.0,0.9987,High,260.0,0.34
2130,51678,City Hotel,2016-05-24,2,31,130.0,0.9987,High,260.0,0.34
2131,51679,City Hotel,2016-05-24,2,31,130.0,0.9987,High,260.0,0.34
2132,51680,City Hotel,2016-05-24,2,31,130.0,0.9987,High,260.0,0.34
2133,51681,City Hotel,2016-05-24,2,31,130.0,0.9987,High,260.0,0.34
2134,51682,City Hotel,2016-05-24,2,31,130.0,0.9987,High,260.0,0.34
2135,51683,City Hotel,2016-05-24,2,31,130.0,0.9987,High,260.0,0.34
2136,51684,City Hotel,2016-05-24,2,31,130.0,0.9987,High,260.0,0.34
2137,51685,City Hotel,2016-05-24,2,31,130.0,0.9987,High,260.0,0.34
2138,51686,City Hotel,2016-05-24,2,31,130.0,0.9987,High,260.0,0.34
2139,51687,City Hotel,2016-05-24,2,31,130.0,0.9987,High,260.0,0.34
2140,51688,City Hotel,2016-05-24,2,31,130.0,0.9987,High,260.0,0.34
2141,51689,City Hotel,2016-05-24,2,31,130.0,0.9987,High,260.0,0.34
2142,51690,City Hotel,2016-05-24,2,31,130.0,0.9987,High,260.0,0.34
2143,51691,City Hotel,2016-05-24,2,31,130.0,0.9987,High,260.0,0.34
2144,51692,City Hotel,2016-05-24,2,31,130.0,0.9987,High,260.0,0.34
2145,51693,City Hotel,2016-05-24,2,31,130.0,0.9987,High,260.0,0.34
2146,51695,City Hotel,2016-05-24,2,31,130.0,0.9987,High,260.0,0.34
2147,51696,City Hotel,2016-05-24,2,31,130.0,0.9987,High,260.0,0.34
2148,51697,City Hotel,2016-05-24,2,31,130.0,0.9987,High,260.0,0.34
2149,51698,City Hotel,2016-05-24,2,31,130.0,0.9987,High,260.0,0.34
2150,51699,City Hotel,2016-05-24,2,31,130.0,0.9987,High,260.0,0.34
2151,51700,City Hotel,2016-05-24,2,31,130.0,0.9987,High,260.0,0.34
2152,51701,City Hotel,2016-05-24,2,31,130.0,0.9987,High,260.0,0.34
2153,51702,City Hotel,2016-05-24,2,31,130.0,0.9987,High,260.0,0.34
2154,51703,City Hotel,2016-05-24,2,31,130.0,0.9987,High,260.0,0.34
2155,51705,City Hotel,2016-05-24,2,31,130.0,0.9987,High,260.0,0.34
2156,51706,City Hotel,2016-05-24,2,31,130.0,0.9987,High,260.0,0.34
2157,51708,City Hotel,2016-05-24,2,31,130.0,0.9987,High,260.0,0.34
2158,51709,City Hotel,2016-05-24,2,31,130.0,0.9987,High,260.0,0.34
2159,51710,City Hotel,2016-05-24,2,31,130.0,0.9987,High,260.0,0.34
2160,51711,City Hotel,2016-05-24,2,31,130.0,0.9987,High,260.0,0.34
2161,51712,City Hotel,2016-05-24,2,31,130.0,0.9987,High,260.0,0.34
2162,51713,City Hotel,2016-05-24,2,31,130.0,0.9987,High,260.0,0.34
2163,51714,City Hotel,2016-05-24,2,31,130.0,0.9987,High,260.0,0.34
2164,51715,City Hotel,2016-05-24,2,31,130.0,0.9987,High,260.0,0.34
2165,51716,City Hotel,2016-05-24,2,31,130.0,0.9987,High,260.0,0.34
2166,51717,City Hotel,2016-05-24,2,31,130.0,0.9987,High,260.0,0.34
2167,51718,City Hotel,2016-05-24,2,31,130.0,0.9987,High,260.0,0.34
2168,51719,City Hotel,2016-05-24,2,31,130.0,0.9987,High,260.0,0.34
2169,51720,City Hotel,2016-05-24,2,31,130.0,0.9987,High,260.0,0.34
2170,51721,City Hotel,2016-05-24,2,31,130.0,0.9987,High,260.0,0.34
2171,51722,City Hotel,2016-05-24,2,31,130.0,0.9987,High,260.0,0.34
2172,51723,City Hotel,2016-05-24,2,31,130.0,0.9987,High,260.0,0.34
2173,51724,City Hotel,2016-05-24,2,31,130.0,0.9987,High,260.0,0.34
2174,51725,City Hotel,2016-05-24,2,31,130.0,0.9987,High,260.0,0.34
2175,51726,City Hotel,2016-05-24,2,31,130.0,0.9987,High,260.0,0.34
2176,51727,City Hotel,2016-05-24,2,31,130.0,0.9987,High,260.0,0.34
2177,51728,City Hotel,2016-05-24,2,31,130.0,0.9987,High,260.0,0.34
2178,51729,City Hotel,2016-05-24,2,31,130.0,0.9987,High,260.0,0.34
2179,51730,City Hotel,2016-05-24,2,31,130.0,0.9987,High,260.0,0.34
2180,51731,City Hotel,2016-05-24,2,31,130.0,0.9987,High,260.0,0.34
2181,51732,City Hotel,2016-05-24,2,31,130.0,0.9987,High,260.0,0.34
2182,51733,City Hotel,2016-05-24,2,31,130.0,0.9987,High,260.0,0.34
2183,51734,City Hotel,2016-05-24,2,31,130.0,0.9987,High,260.0,0.34
2184,51735,City Hotel,2016-05-24,2,31,130.0,0.9987,High,260.0,0.34
2185,51736,City Hotel,2016-05-24,2,31,130.0,0.9987,High,260.0,0.34
2186,51737,City Hotel,2016-05-24,2,31,130.0,0.9987,High,260.0,0.34
2187,51738,City Hotel,2016-05-24,2,31,130.0,0.9987,High,260.0,0.34
2188,51739,City Hotel,2016-05-24,2,31,130.0,0.9987,High,260.0,0.34
2189,51740,City Hotel,2016-05-24,2,31,130.0,0.9987,High,260.0,0.34
2190,51741,City Hotel,2016-05-24,2,31,130.0,0.9987,High,260.0,0.34
2191,51742,City Hotel,2016-05-24,2,31,130.0,0.9987,High,260.0,0.34
2192,51743,City Hotel,2016-05-24,2,31,130.0,0.9987,High,260.0,0.34
2193,51744,City Hotel,2016-05-24,2,31,130.0,0.9987,High,260.0,0.34
2194,51745,City Hotel,2016-05-24,2,31,130.0,0.9987,High,260.0,0.34
2195,51746,City Hotel,2016-05-24,2,31,130.0,0.9987,High,260.0,0.34
2196,51747,City Hotel,2016-05-24,2,31,130.0,0.9987,High,260.0,0.34
2197,51748,City Hotel,2016-05-24,2,31,130.0,0.9987,High,260.0,0.34
2198,51749,City Hotel,2016-05-24,2,31,130.0,0.9987,High,260.0,0.34
2199,51750,City Hotel,2016-05-24,2,31,130.0,0.9987,High,260.0,0.34
2200,51751,City Hotel,2016-05-24,2,31,130.0,0.9987,High,260.0,0.34
2201,51752,City Hotel,2016-05-24,2,31,130.0,0.9987,High,260.0,0.34
2202,51753,City Hotel,2016-05-24,2,31,130.0,0.9987,High,260.0,0.34
2203,51754,City Hotel,2016-05-24,2,31,130.0,0.9987,High,260.0,0.34
2204,51755,City Hotel,2016-05-24,2,31,130.0,0.9987,High,260.0,0.34
2205,51756,City Hotel,2016-05-24,2,31,130.0,0.9987,High,260.0,0.34
2206,51757,City Hotel,2016-05-24,2,31,130.0,0.9987,High,260.0,0.34
2207,51763,City Hotel,2016-05-24,2,31,130.0,0.9987,High,260.0,0.34
2208,67383,City Hotel,2017-05-03,2,18,130.0,0.9987,High,260.0,0.34
2209,70054,City Hotel,2017-06-09,2,28,130.0,0.9987,High,260.0,0.34
2210,67471,City Hotel,2017-05-04,2,56,110.0,0.9985,High,220.0,0.33
2211,53404,City Hotel,2016-06-20,3,39,120.0,0.9991,High,360.0,0.32
2212,53405,City Hotel,2016-06-20,3,39,120.0,0.9991,High,360.0,0.32
2213,53406,City Hotel,2016-06-20,3,39,120.0,0.9991,High,360.0,0.32
2214,53407,City Hotel,2016-06-20,3,39,120.0,0.9991,High,360.0,0.32
2215,53408,City Hotel,2016-06-20,3,39,120.0,0.9991,High,360.0,0.32
2216,53409,City Hotel,2016-06-20,3,39,120.0,0.9991,High,360.0,0.32
2217,53410,City Hotel,2016-06-20,3,39,120.0,0.9991,High,360.0,0.32
2218,53412,City Hotel,2016-06-20,3,39,120.0,0.9991,High,360.0,0.32
2219,53413,City Hotel,2016-06-20,3,39,120.0,0.9991,High,360.0,0.32
2220,53414,City Hotel,2016-06-20,3,39,120.0,0.9991,High,360.0,0.32
2221,53415,City Hotel,2016-06-20,3,39,120.0,0.9991,High,360.0,0.32
2222,53417,City Hotel,2016-06-20,3,39,120.0,0.9991,High,360.0,0.32
2223,53418,City Hotel,2016-06-20,3,39,120.0,0.9991,High,360.0,0.32
2224,53420,City Hotel,2016-06-20,3,39,120.0,0.9991,High,360.0,0.32
2225,53421,City Hotel,2016-06-20,3,39,120.0,0.9991,High,360.0,0.32
2226,53422,City Hotel,2016-06-20,3,39,120.0,0.9991,High,360.0,0.32
2227,53423,City Hotel,2016-06-20,3,39,120.0,0.9991,High,360.0,0.32
2228,53424,City Hotel,2016-06-20,3,39,120.0,0.9991,High,360.0,0.32
2229,53425,City Hotel,2016-06-20,3,39,120.0,0.9991,High,360.0,0.32
2230,53426,City Hotel,2016-06-20,3,39,120.0,0.9991,High,360.0,0.32
2231,53427,City Hotel,2016-06-20,3,39,120.0,0.9991,High,360.0,0.32
2232,53428,City Hotel,2016-06-20,3,39,120.0,0.9991,High,360.0,0.32
2233,53429,City Hotel,2016-06-20,3,39,120.0,0.9991,High,360.0,0.32
2234,53431,City Hotel,2016-06-20,3,39,120.0,0.9991,High,360.0,0.32
2235,53432,City Hotel,2016-06-20,3,39,120.0,0.9991,High,360.0,0.32
2236,53433,City Hotel,2016-06-20,3,39,120.0,0.9991,High,360.0,0.32
2237,53435,City Hotel,2016-06-20,3,39,120.0,0.9991,High,360.0,0.32
2238,53436,City Hotel,2016-06-20,3,39,120.0,0.9991,High,360.0,0.32
2239,53437,City Hotel,2016-06-20,3,39,120.0,0.9991,High,360.0,0.32
2240,53438,City Hotel,2016-06-20,3,39,120.0,0.9991,High,360.0,0.32
2241,53439,City Hotel,2016-06-20,3,39,120.0,0.9991,High,360.0,0.32
2242,53440,City Hotel,2016-06-20,3,39,120.0,0.9991,High,360.0,0.32
2243,53443,City Hotel,2016-06-20,3,39,120.0,0.9991,High,360.0,0.32
2244,53444,City Hotel,2016-06-20,3,39,120.0,0.9991,High,360.0,0.32
2245,53446,City Hotel,2016-06-20,3,39,120.0,0.9991,High,360.0,0.32
2246,53447,City Hotel,2016-06-20,3,39,120.0,0.9991,High,360.0,0.32
2247,57916,City Hotel,2016-10-03,4,24,100.0,0.9992,High,400.0,0.32
2248,57917,City Hotel,2016-10-03,4,24,100.0,0.9992,High,400.0,0.32
2249,57920,City Hotel,2016-10-03,4,24,100.0,0.9992,High,400.0,0.32
2250,57921,City Hotel,2016-10-03,4,24,100.0,0.9992,High,400.0,0.32
2251,57922,City Hotel,2016-10-03,4,24,100.0,0.9992,High,400.0,0.32
2252,57923,City Hotel,2016-10-03,4,24,100.0,0.9992,High,400.0,0.32
2253,57925,City Hotel,2016-10-03,4,24,100.0,0.9992,High,400.0,0.32
2254,57926,City Hotel,2016-10-03,4,24,100.0,0.9992,High,400.0,0.32
2255,57931,City Hotel,2016-10-03,4,24,100.0,0.9992,High,400.0,0.32
2256,57933,City Hotel,2016-10-03,4,24,100.0,0.9992,High,400.0,0.32
2257,57935,City Hotel,2016-10-03,4,24,100.0,0.9992,High,400.0,0.32
2258,57939,City Hotel,2016-10-03,4,24,100.0,0.9992,High,400.0,0.32
2259,57942,City Hotel,2016-10-03,4,24,100.0,0.9992,High,400.0,0.32
2260,57943,City Hotel,2016-10-03,4,24,100.0,0.9992,High,400.0,0.32
2261,57945,City Hotel,2016-10-03,4,24,100.0,0.9992,High,400.0,0.32
2262,57946,City Hotel,2016-10-03,4,24,100.0,0.9992,High,400.0,0.32
2263,57947,City Hotel,2016-10-03,4,24,100.0,0.9992,High,400.0,0.32
2264,57948,City Hotel,2016-10-03,4,24,100.0,0.9992,High,400.0,0.32
2265,67476,City Hotel,2017-05-04,2,56,120.0,0.9987,High,240.0,0.31
2266,67738,City Hotel,2017-05-06,3,17,80.0,0.9987,High,240.0,0.31
2267,68648,City Hotel,2017-05-19,3,23,110.0,0.9991,High,330.0,0.3
2268,71649,City Hotel,2017-07-09,3,71,110.0,0.9991,High,330.0,0.3
2269,72189,City Hotel,2017-07-23,3,71,110.0,0.9991,High,330.0,0.3
2270,52992,City Hotel,2016-06-15,2,80,90.6,0.9984,High,181.2,0.29
2271,53030,City Hotel,2016-06-15,2,80,90.6,0.9984,High,181.2,0.29
2272,53031,City Hotel,2016-06-15,2,80,90.6,0.9984,High,181.2,0.29
2273,53111,City Hotel,2016-06-15,2,80,90.6,0.9984,High,181.2,0.29
2274,67836,City Hotel,2017-05-08,2,10,120.0,0.9988,High,240.0,0.29
2275,49485,City Hotel,2016-04-14,3,39,57.5,0.9984,High,172.5,0.28
2276,49490,City Hotel,2016-04-14,3,39,57.5,0.9984,High,172.5,0.28
2277,49494,City Hotel,2016-04-14,3,39,57.5,0.9984,High,172.5,0.28
2278,49507,City Hotel,2016-04-14,3,39,57.5,0.9984,High,172.5,0.28
2279,49520,City Hotel,2016-04-14,3,39,57.5,0.9984,High,172.5,0.28
2280,49538,City Hotel,2016-04-14,3,39,57.5,0.9984,High,172.5,0.28
2281,62316,City Hotel,2017-01-08,3,76,67.0,0.9986,High,201.0,0.28
2282,50255,City Hotel,2016-04-27,6,71,90.0,0.9995,High,540.0,0.27
2283,50256,City Hotel,2016-04-27,6,71,90.0,0.9995,High,540.0,0.27
2284,50257,City Hotel,2016-04-27,6,71,90.0,0.9995,High,540.0,0.27
2285,50258,City Hotel,2016-04-27,6,71,90.0,0.9995,High,540.0,0.27
2286,50259,City Hotel,2016-04-27,6,71,90.0,0.9995,High,540.0,0.27
2287,50261,City Hotel,2016-04-27,6,71,90.0,0.9995,High,540.0,0.27
2288,50262,City Hotel,2016-04-27,6,71,90.0,0.9995,High,540.0,0.27
2289,67190,City Hotel,2017-04-29,3,183,90.0,0.999,High,270.0,0.27
2290,67425,City Hotel,2017-05-03,3,5,100.0,0.9991,High,300.0,0.27
2291,77350,City Hotel,2016-04-10,2,31,12.0,0.9888,High,24.0,0.27
2292,65410,City Hotel,2017-04-03,2,100,100.0,0.9987,High,200.0,0.26
2293,67579,City Hotel,2017-05-05,2,31,120.0,0.9989,High,240.0,0.26
2294,71084,City Hotel,2017-06-28,1,59,125.0,0.998,High,125.0,0.25
2295,48367,City Hotel,2016-03-22,3,93,90.0,0.9991,High,270.0,0.24
2296,48375,City Hotel,2016-03-22,3,93,90.0,0.9991,High,270.0,0.24
2297,48376,City Hotel,2016-03-22,3,93,90.0,0.9991,High,270.0,0.24
2298,48382,City Hotel,2016-03-22,3,93,90.0,0.9991,High,270.0,0.24
2299,48385,City Hotel,2016-03-22,3,93,90.0,0.9991,High,270.0,0.24
2300,48391,City Hotel,2016-03-22,3,93,90.0,0.9991,High,270.0,0.24
2301,48393,City Hotel,2016-03-22,3,93,90.0,0.9991,High,270.0,0.24
2302,48397,City Hotel,2016-03-22,3,93,90.0,0.9991,High,270.0,0.24
2303,48398,City Hotel,2016-03-22,3,93,90.0,0.9991,High,270.0,0.24
2304,48404,City Hotel,2016-03-22,3,93,90.0,0.9991,High,270.0,0.24
2305,48408,City Hotel,2016-03-22,3,93,90.0,0.9991,High,270.0,0.24
2306,48409,City Hotel,2016-03-22,3,93,90.0,0.9991,High,270.0,0.24
2307,46484,City Hotel,2016-01-03,3,85,65.0,0.9988,High,195.0,0.23
2308,46492,City Hotel,2016-01-03,3,85,65.0,0.9988,High,195.0,0.23
2309,46493,City Hotel,2016-01-03,3,85,65.0,0.9988,High,195.0,0.23
2310,46495,City Hotel,2016-01-03,3,85,65.0,0.9988,High,195.0,0.23
2311,46496,City Hotel,2016-01-03,3,85,65.0,0.9988,High,195.0,0.23
2312,46497,City Hotel,2016-01-03,3,85,65.0,0.9988,High,195.0,0.23
2313,46498,City Hotel,2016-01-03,3,85,65.0,0.9988,High,195.0,0.23
2314,46499,City Hotel,2016-01-03,3,85,65.0,0.9988,High,195.0,0.23
2315,46500,City Hotel,2016-01-03,3,85,65.0,0.9988,High,195.0,0.23
2316,46501,City Hotel,2016-01-03,3,85,65.0,0.9988,High,195.0,0.23
2317,46502,City Hotel,2016-01-03,3,85,65.0,0.9988,High,195.0,0.23
2318,46503,City Hotel,2016-01-03,3,85,65.0,0.9988,High,195.0,0.23
2319,46504,City Hotel,2016-01-03,3,85,65.0,0.9988,High,195.0,0.23
2320,46505,City Hotel,2016-01-03,3,85,65.0,0.9988,High,195.0,0.23
2321,46506,City Hotel,2016-01-03,3,85,65.0,0.9988,High,195.0,0.23
2322,48366,City Hotel,2016-03-22,3,93,125.0,0.9994,High,375.0,0.23
2323,48368,City Hotel,2016-03-22,3,93,125.0,0.9994,High,375.0,0.23
2324,48369,City Hotel,2016-03-22,3,93,125.0,0.9994,High,375.0,0.23
2325,48370,City Hotel,2016-03-22,3,93,125.0,0.9994,High,375.0,0.23
2326,48371,City Hotel,2016-03-22,3,93,125.0,0.9994,High,375.0,0.23
2327,48372,City Hotel,2016-03-22,3,93,125.0,0.9994,High,375.0,0.23
2328,48374,City Hotel,2016-03-22,3,93,125.0,0.9994,High,375.0,0.23
2329,48379,City Hotel,2016-03-22,3,93,125.0,0.9994,High,375.0,0.23
2330,48380,City Hotel,2016-03-22,3,93,125.0,0.9994,High,375.0,0.23
2331,48381,City Hotel,2016-03-22,3,93,125.0,0.9994,High,375.0,0.23
2332,48383,City Hotel,2016-03-22,3,93,125.0,0.9994,High,375.0,0.23
2333,48384,City Hotel,2016-03-22,3,93,125.0,0.9994,High,375.0,0.23
2334,48386,City Hotel,2016-03-22,3,93,125.0,0.9994,High,375.0,0.23
2335,48387,City Hotel,2016-03-22,3,93,125.0,0.9994,High,375.0,0.23
2336,48389,City Hotel,2016-03-22,3,93,125.0,0.9994,High,375.0,0.23
2337,48390,City Hotel,2016-03-22,3,93,125.0,0.9994,High,375.0,0.23
2338,48392,City Hotel,2016-03-22,3,93,125.0,0.9994,High,375.0,0.23
2339,48396,City Hotel,2016-03-22,3,93,125.0,0.9994,High,375.0,0.23
2340,48399,City Hotel,2016-03-22,3,93,125.0,0.9994,High,375.0,0.23
2341,48400,City Hotel,2016-03-22,3,93,125.0,0.9994,High,375.0,0.23
2342,48403,City Hotel,2016-03-22,3,93,125.0,0.9994,High,375.0,0.23
2343,48405,City Hotel,2016-03-22,3,93,125.0,0.9994,High,375.0,0.23
2344,48406,City Hotel,2016-03-22,3,93,125.0,0.9994,High,375.0,0.23
2345,48407,City Hotel,2016-03-22,3,93,125.0,0.9994,High,375.0,0.23
2346,48410,City Hotel,2016-03-22,3,93,125.0,0.9994,High,375.0,0.23
2347,48411,City Hotel,2016-03-22,3,93,125.0,0.9994,High,375.0,0.23
2348,57111,City Hotel,2016-09-19,3,35,110.0,0.9993,High,330.0,0.23
2349,57112,City Hotel,2016-09-19,3,35,110.0,0.9993,High,330.0,0.23
2350,57115,City Hotel,2016-09-19,3,35,110.0,0.9993,High,330.0,0.23
2351,57116,City Hotel,2016-09-19,3,35,110.0,0.9993,High,330.0,0.23
2352,57117,City Hotel,2016-09-19,3,35,110.0,0.9993,High,330.0,0.23
2353,57118,City Hotel,2016-09-19,3,35,110.0,0.9993,High,330.0,0.23
2354,57119,City Hotel,2016-09-19,3,35,110.0,0.9993,High,330.0,0.23
2355,57120,City Hotel,2016-09-19,3,35,110.0,0.9993,High,330.0,0.23
2356,57121,City Hotel,2016-09-19,3,35,110.0,0.9993,High,330.0,0.23
2357,57122,City Hotel,2016-09-19,3,35,110.0,0.9993,High,330.0,0.23
2358,57123,City Hotel,2016-09-19,3,35,110.0,0.9993,High,330.0,0.23
2359,57125,City Hotel,2016-09-19,3,35,110.0,0.9993,High,330.0,0.23
2360,57126,City Hotel,2016-09-19,3,35,110.0,0.9993,High,330.0,0.23
2361,57127,City Hotel,2016-09-19,3,35,110.0,0.9993,High,330.0,0.23
2362,57128,City Hotel,2016-09-19,3,35,110.0,0.9993,High,330.0,0.23
2363,57129,City Hotel,2016-09-19,3,35,110.0,0.9993,High,330.0,0.23
2364,57130,City Hotel,2016-09-19,3,35,110.0,0.9993,High,330.0,0.23
2365,57133,City Hotel,2016-09-19,3,35,110.0,0.9993,High,330.0,0.23
2366,57134,City Hotel,2016-09-19,3,35,110.0,0.9993,High,330.0,0.23
2367,57136,City Hotel,2016-09-19,3,35,110.0,0.9993,High,330.0,0.23
2368,57137,City Hotel,2016-09-19,3,35,110.0,0.9993,High,330.0,0.23
2369,57138,City Hotel,2016-09-19,3,35,110.0,0.9993,High,330.0,0.23
2370,57139,City Hotel,2016-09-19,3,35,110.0,0.9993,High,330.0,0.23
2371,57140,City Hotel,2016-09-19,3,35,110.0,0.9993,High,330.0,0.23
2372,57142,City Hotel,2016-09-19,3,35,110.0,0.9993,High,330.0,0.23
2373,57143,City Hotel,2016-09-19,3,35,110.0,0.9993,High,330.0,0.23
2374,57145,City Hotel,2016-09-19,3,35,110.0,0.9993,High,330.0,0.23
2375,57146,City Hotel,2016-09-19,3,35,110.0,0.9993,High,330.0,0.23
2376,57148,City Hotel,2016-09-19,3,35,110.0,0.9993,High,330.0,0.23
2377,57149,City Hotel,2016-09-19,3,35,110.0,0.9993,High,330.0,0.23
2378,57150,City Hotel,2016-09-19,3,35,110.0,0.9993,High,330.0,0.23
2379,57151,City Hotel,2016-09-19,3,35,110.0,0.9993,High,330.0,0.23
2380,71237,City Hotel,2017-06-30,1,26,130.0,0.9983,High,130.0,0.22
2381,63435,City Hotel,2017-02-12,2,21,80.0,0.9987,High,160.0,0.21
2382,64496,City Hotel,2017-03-11,2,17,80.0,0.9987,High,160.0,0.21
2383,69322,City Hotel,2017-05-30,2,44,130.0,0.9992,High,260.0,0.21
2384,81366,City Hotel,2016-04-09,2,31,70.0,0.9985,High,140.0,0.21
2385,10354,Resort Hotel,2017-02-28,2,14,35.0,0.9971,High,70.0,0.2
2386,47311,City Hotel,2016-02-17,3,3,75.0,0.9991,High,225.0,0.2
2387,47312,City Hotel,2016-02-17,3,3,75.0,0.9991,High,225.0,0.2
2388,47313,City Hotel,2016-02-17,3,3,75.0,0.9991,High,225.0,0.2
2389,47316,City Hotel,2016-02-17,3,3,75.0,0.9991,High,225.0,0.2
2390,47317,City Hotel,2016-02-17,3,3,75.0,0.9991,High,225.0,0.2
2391,47318,City Hotel,2016-02-17,3,3,75.0,0.9991,High,225.0,0.2
2392,47319,City Hotel,2016-02-17,3,3,75.0,0.9991,High,225.0,0.2
2393,47320,City Hotel,2016-02-17,3,3,75.0,0.9991,High,225.0,0.2
2394,47321,City Hotel,2016-02-17,3,3,75.0,0.9991,High,225.0,0.2
2395,47322,City Hotel,2016-02-17,3,3,75.0,0.9991,High,225.0,0.2
2396,47323,City Hotel,2016-02-17,3,3,75.0,0.9991,High,225.0,0.2
2397,47324,City Hotel,2016-02-17,3,3,75.0,0.9991,High,225.0,0.2
2398,47325,City Hotel,2016-02-17,3,3,75.0,0.9991,High,225.0,0.2
2399,47326,City Hotel,2016-02-17,3,3,75.0,0.9991,High,225.0,0.2
2400,47327,City Hotel,2016-02-17,3,3,75.0,0.9991,High,225.0,0.2
2401,47328,City Hotel,2016-02-17,3,3,75.0,0.9991,High,225.0,0.2
2402,47329,City Hotel,2016-02-17,3,3,75.0,0.9991,High,225.0,0.2
2403,47330,City Hotel,2016-02-17,3,3,75.0,0.9991,High,225.0,0.2
2404,47331,City Hotel,2016-02-17,3,3,75.0,0.9991,High,225.0,0.2
2405,47332,City Hotel,2016-02-17,3,3,75.0,0.9991,High,225.0,0.2
2406,47333,City Hotel,2016-02-17,3,3,75.0,0.9991,High,225.0,0.2
2407,47334,City Hotel,2016-02-17,3,3,75.0,0.9991,High,225.0,0.2
2408,47335,City Hotel,2016-02-17,3,3,75.0,0.9991,High,225.0,0.2
2409,47336,City Hotel,2016-02-17,3,3,75.0,0.9991,High,225.0,0.2
2410,47337,City Hotel,2016-02-17,3,3,75.0,0.9991,High,225.0,0.2
2411,47338,City Hotel,2016-02-17,3,3,75.0,0.9991,High,225.0,0.2
2412,47339,City Hotel,2016-02-17,3,3,75.0,0.9991,High,225.0,0.2
2413,47340,City Hotel,2016-02-17,3,3,75.0,0.9991,High,225.0,0.2
2414,47341,City Hotel,2016-02-17,3,3,75.0,0.9991,High,225.0,0.2
2415,47342,City Hotel,2016-02-17,3,3,75.0,0.9991,High,225.0,0.2
2416,47343,City Hotel,2016-02-17,3,3,75.0,0.9991,High,225.0,0.2
2417,47344,City Hotel,2016-02-17,3,3,75.0,0.9991,High,225.0,0.2
2418,47345,City Hotel,2016-02-17,3,3,75.0,0.9991,High,225.0,0.2
2419,47346,City Hotel,2016-02-17,3,3,75.0,0.9991,High,225.0,0.2
2420,47347,City Hotel,2016-02-17,3,3,75.0,0.9991,High,225.0,0.2
2421,47348,City Hotel,2016-02-17,3,3,75.0,0.9991,High,225.0,0.2
2422,47349,City Hotel,2016-02-17,3,3,75.0,0.9991,High,225.0,0.2
2423,47350,City Hotel,2016-02-17,3,3,75.0,0.9991,High,225.0,0.2
2424,47351,City Hotel,2016-02-17,3,3,75.0,0.9991,High,225.0,0.2
2425,47352,City Hotel,2016-02-17,3,3,75.0,0.9991,High,225.0,0.2
2426,47353,City Hotel,2016-02-17,3,3,75.0,0.9991,High,225.0,0.2
2427,47354,City Hotel,2016-02-17,3,3,75.0,0.9991,High,225.0,0.2
2428,47355,City Hotel,2016-02-17,3,3,75.0,0.9991,High,225.0,0.2
2429,47356,City Hotel,2016-02-17,3,3,75.0,0.9991,High,225.0,0.2
2430,47357,City Hotel,2016-02-17,3,3,75.0,0.9991,High,225.0,0.2
2431,47358,City Hotel,2016-02-17,3,3,75.0,0.9991,High,225.0,0.2
2432,47359,City Hotel,2016-02-17,3,3,75.0,0.9991,High,225.0,0.2
2433,47360,City Hotel,2016-02-17,3,3,75.0,0.9991,High,225.0,0.2
2434,47361,City Hotel,2016-02-17,3,3,75.0,0.9991,High,225.0,0.2
2435,47362,City Hotel,2016-02-17,3,3,75.0,0.9991,High,225.0,0.2
2436,47363,City Hotel,2016-02-17,3,3,75.0,0.9991,High,225.0,0.2
2437,47365,City Hotel,2016-02-17,3,3,75.0,0.9991,High,225.0,0.2
2438,47366,City Hotel,2016-02-17,3,3,75.0,0.9991,High,225.0,0.2
2439,47367,City Hotel,2016-02-17,3,3,75.0,0.9991,High,225.0,0.2
2440,47368,City Hotel,2016-02-17,3,3,75.0,0.9991,High,225.0,0.2
2441,49479,City Hotel,2016-04-14,3,39,65.0,0.999,High,195.0,0.2
2442,49480,City Hotel,2016-04-14,3,39,65.0,0.999,High,195.0,0.2
2443,49481,City Hotel,2016-04-14,3,39,65.0,0.999,High,195.0,0.2
2444,49483,City Hotel,2016-04-14,3,39,65.0,0.999,High,195.0,0.2
2445,49484,City Hotel,2016-04-14,3,39,65.0,0.999,High,195.0,0.2
2446,49488,City Hotel,2016-04-14,3,39,65.0,0.999,High,195.0,0.2
2447,49489,City Hotel,2016-04-14,3,39,65.0,0.999,High,195.0,0.2
2448,49491,City Hotel,2016-04-14,3,39,65.0,0.999,High,195.0,0.2
2449,49492,City Hotel,2016-04-14,3,39,65.0,0.999,High,195.0,0.2
2450,49493,City Hotel,2016-04-14,3,39,65.0,0.999,High,195.0,0.2
2451,49499,City Hotel,2016-04-14,3,39,65.0,0.999,High,195.0,0.2
2452,49500,City Hotel,2016-04-14,3,39,65.0,0.999,High,195.0,0.2
2453,49501,City Hotel,2016-04-14,3,39,65.0,0.999,High,195.0,0.2
2454,49505,City Hotel,2016-04-14,3,39,65.0,0.999,High,195.0,0.2
2455,49506,City Hotel,2016-04-14,3,39,65.0,0.999,High,195.0,0.2
2456,49510,City Hotel,2016-04-14,3,39,65.0,0.999,High,195.0,0.2
2457,49511,City Hotel,2016-04-14,3,39,65.0,0.999,High,195.0,0.2
2458,49512,City Hotel,2016-04-14,3,39,65.0,0.999,High,195.0,0.2
2459,49513,City Hotel,2016-04-14,3,39,65.0,0.999,High,195.0,0.2
2460,49514,City Hotel,2016-04-14,3,39,65.0,0.999,High,195.0,0.2
2461,49515,City Hotel,2016-04-14,3,39,65.0,0.999,High,195.0,0.2
2462,49519,City Hotel,2016-04-14,3,39,65.0,0.999,High,195.0,0.2
2463,49525,City Hotel,2016-04-14,3,39,65.0,0.999,High,195.0,0.2
2464,49531,City Hotel,2016-04-14,3,39,65.0,0.999,High,195.0,0.2
2465,49532,City Hotel,2016-04-14,3,39,65.0,0.999,High,195.0,0.2
2466,49533,City Hotel,2016-04-14,3,39,65.0,0.999,High,195.0,0.2
2467,49534,City Hotel,2016-04-14,3,39,65.0,0.999,High,195.0,0.2
2468,49536,City Hotel,2016-04-14,3,39,65.0,0.999,High,195.0,0.2
2469,49537,City Hotel,2016-04-14,3,39,65.0,0.999,High,195.0,0.2
2470,49540,City Hotel,2016-04-14,3,39,65.0,0.999,High,195.0,0.2
2471,49541,City Hotel,2016-04-14,3,39,65.0,0.999,High,195.0,0.2
2472,49542,City Hotel,2016-04-14,3,39,65.0,0.999,High,195.0,0.2
2473,50579,City Hotel,2016-05-05,3,96,90.0,0.9993,High,270.0,0.19
2474,50679,City Hotel,2016-05-05,3,96,90.0,0.9993,High,270.0,0.19
2475,50680,City Hotel,2016-05-05,3,96,90.0,0.9993,High,270.0,0.19
2476,50694,City Hotel,2016-05-05,3,96,90.0,0.9993,High,270.0,0.19
2477,50695,City Hotel,2016-05-05,3,96,90.0,0.9993,High,270.0,0.19
2478,67513,City Hotel,2017-05-04,2,44,95.0,0.999,High,190.0,0.19
2479,71226,City Hotel,2017-06-30,1,26,120.0,0.9984,High,120.0,0.19
2480,57113,City Hotel,2016-09-19,3,35,100.0,0.9994,High,300.0,0.18
2481,57124,City Hotel,2016-09-19,3,35,100.0,0.9994,High,300.0,0.18
2482,57135,City Hotel,2016-09-19,3,35,100.0,0.9994,High,300.0,0.18
2483,57141,City Hotel,2016-09-19,3,35,100.0,0.9994,High,300.0,0.18
2484,57144,City Hotel,2016-09-19,3,35,100.0,0.9994,High,300.0,0.18
2485,57147,City Hotel,2016-09-19,3,35,100.0,0.9994,High,300.0,0.18
2486,51448,City Hotel,2016-05-20,2,111,100.0,0.9992,High,200.0,0.16
2487,51449,City Hotel,2016-05-20,2,111,100.0,0.9992,High,200.0,0.16
2488,51450,City Hotel,2016-05-20,2,111,100.0,0.9992,High,200.0,0.16
2489,51451,City Hotel,2016-05-20,2,111,100.0,0.9992,High,200.0,0.16
2490,51452,City Hotel,2016-05-20,2,111,100.0,0.9992,High,200.0,0.16
2491,51453,City Hotel,2016-05-20,2,111,100.0,0.9992,High,200.0,0.16
2492,51454,City Hotel,2016-05-20,2,111,100.0,0.9992,High,200.0,0.16
2493,51455,City Hotel,2016-05-20,2,111,100.0,0.9992,High,200.0,0.16
2494,51456,City Hotel,2016-05-20,2,111,100.0,0.9992,High,200.0,0.16
2495,51459,City Hotel,2016-05-20,2,111,100.0,0.9992,High,200.0,0.16
2496,51460,City Hotel,2016-05-20,2,111,100.0,0.9992,High,200.0,0.16
2497,51461,City Hotel,2016-05-20,2,111,100.0,0.9992,High,200.0,0.16
2498,51462,City Hotel,2016-05-20,2,111,100.0,0.9992,High,200.0,0.16
2499,51463,City Hotel,2016-05-20,2,111,100.0,0.9992,High,200.0,0.16
2500,51464,City Hotel,2016-05-20,2,111,100.0,0.9992,High,200.0,0.16
2501,51465,City Hotel,2016-05-20,2,111,100.0,0.9992,High,200.0,0.16
2502,51466,City Hotel,2016-05-20,2,111,100.0,0.9992,High,200.0,0.16
2503,51467,City Hotel,2016-05-20,2,111,100.0,0.9992,High,200.0,0.16
2504,51469,City Hotel,2016-05-20,2,111,100.0,0.9992,High,200.0,0.16
2505,51470,City Hotel,2016-05-20,2,111,100.0,0.9992,High,200.0,0.16
2506,51471,City Hotel,2016-05-20,2,111,100.0,0.9992,High,200.0,0.16
2507,51472,City Hotel,2016-05-20,2,111,100.0,0.9992,High,200.0,0.16
2508,51473,City Hotel,2016-05-20,2,111,100.0,0.9992,High,200.0,0.16
2509,51474,City Hotel,2016-05-20,2,111,100.0,0.9992,High,200.0,0.16
2510,51475,City Hotel,2016-05-20,2,111,100.0,0.9992,High,200.0,0.16
2511,51476,City Hotel,2016-05-20,2,111,100.0,0.9992,High,200.0,0.16
2512,51480,City Hotel,2016-05-20,2,111,100.0,0.9992,High,200.0,0.16
2513,51481,City Hotel,2016-05-20,2,111,100.0,0.9992,High,200.0,0.16
2514,51482,City Hotel,2016-05-20,2,111,100.0,0.9992,High,200.0,0.16
2515,51484,City Hotel,2016-05-20,2,111,100.0,0.9992,High,200.0,0.16
2516,51485,City Hotel,2016-05-20,2,111,100.0,0.9992,High,200.0,0.16
2517,51486,City Hotel,2016-05-20,2,111,100.0,0.9992,High,200.0,0.16
2518,51487,City Hotel,2016-05-20,2,111,100.0,0.9992,High,200.0,0.16
2519,51490,City Hotel,2016-05-20,2,111,100.0,0.9992,High,200.0,0.16
2520,51491,City Hotel,2016-05-20,2,111,100.0,0.9992,High,200.0,0.16
2521,51492,City Hotel,2016-05-20,2,111,100.0,0.9992,High,200.0,0.16
2522,51493,City Hotel,2016-05-20,2,111,100.0,0.9992,High,200.0,0.16
2523,51494,City Hotel,2016-05-20,2,111,100.0,0.9992,High,200.0,0.16
2524,51497,City Hotel,2016-05-20,2,111,100.0,0.9992,High,200.0,0.16
2525,51498,City Hotel,2016-05-20,2,111,100.0,0.9992,High,200.0,0.16
2526,51499,City Hotel,2016-05-20,2,111,100.0,0.9992,High,200.0,0.16
2527,51500,City Hotel,2016-05-20,2,111,100.0,0.9992,High,200.0,0.16
2528,51501,City Hotel,2016-05-20,2,111,100.0,0.9992,High,200.0,0.16
2529,51502,City Hotel,2016-05-20,2,111,100.0,0.9992,High,200.0,0.16
2530,51503,City Hotel,2016-05-20,2,111,100.0,0.9992,High,200.0,0.16
2531,51505,City Hotel,2016-05-20,2,111,100.0,0.9992,High,200.0,0.16
2532,51507,City Hotel,2016-05-20,2,111,100.0,0.9992,High,200.0,0.16
2533,51508,City Hotel,2016-05-20,2,111,100.0,0.9992,High,200.0,0.16
2534,51509,City Hotel,2016-05-20,2,111,100.0,0.9992,High,200.0,0.16
2535,51510,City Hotel,2016-05-20,2,111,100.0,0.9992,High,200.0,0.16
2536,48162,City Hotel,2016-03-18,2,20,75.0,0.999,High,150.0,0.15
2537,48163,City Hotel,2016-03-18,2,20,75.0,0.999,High,150.0,0.15
2538,48165,City Hotel,2016-03-18,2,20,75.0,0.999,High,150.0,0.15
2539,48166,City Hotel,2016-03-18,2,20,75.0,0.999,High,150.0,0.15
2540,48167,City Hotel,2016-03-18,2,20,75.0,0.999,High,150.0,0.15
2541,48170,City Hotel,2016-03-18,2,20,75.0,0.999,High,150.0,0.15
2542,48171,City Hotel,2016-03-18,2,20,75.0,0.999,High,150.0,0.15
2543,48173,City Hotel,2016-03-18,2,20,75.0,0.999,High,150.0,0.15
2544,48174,City Hotel,2016-03-18,2,20,75.0,0.999,High,150.0,0.15
2545,48176,City Hotel,2016-03-18,2,20,75.0,0.999,High,150.0,0.15
2546,48177,City Hotel,2016-03-18,2,20,75.0,0.999,High,150.0,0.15
2547,48178,City Hotel,2016-03-18,2,20,75.0,0.999,High,150.0,0.15
2548,48179,City Hotel,2016-03-18,2,20,75.0,0.999,High,150.0,0.15
2549,48182,City Hotel,2016-03-18,2,20,75.0,0.999,High,150.0,0.15
2550,48186,City Hotel,2016-03-18,2,20,75.0,0.999,High,150.0,0.15
2551,48187,City Hotel,2016-03-18,2,20,75.0,0.999,High,150.0,0.15
2552,48189,City Hotel,2016-03-18,2,20,75.0,0.999,High,150.0,0.15
2553,48190,City Hotel,2016-03-18,2,20,75.0,0.999,High,150.0,0.15
2554,48191,City Hotel,2016-03-18,2,20,75.0,0.999,High,150.0,0.15
2555,48192,City Hotel,2016-03-18,2,20,75.0,0.999,High,150.0,0.15
2556,48193,City Hotel,2016-03-18,2,20,75.0,0.999,High,150.0,0.15
2557,48199,City Hotel,2016-03-18,2,20,75.0,0.999,High,150.0,0.15
2558,48200,City Hotel,2016-03-18,2,20,75.0,0.999,High,150.0,0.15
2559,48984,City Hotel,2016-04-04,3,41,80.0,0.9994,High,240.0,0.14
2560,48985,City Hotel,2016-04-04,3,41,80.0,0.9994,High,240.0,0.14
2561,48986,City Hotel,2016-04-04,3,41,80.0,0.9994,High,240.0,0.14
2562,48991,City Hotel,2016-04-04,3,41,80.0,0.9994,High,240.0,0.14
2563,48992,City Hotel,2016-04-04,3,41,80.0,0.9994,High,240.0,0.14
2564,48998,City Hotel,2016-04-04,3,41,80.0,0.9994,High,240.0,0.14
2565,48999,City Hotel,2016-04-04,3,41,80.0,0.9994,High,240.0,0.14
2566,49003,City Hotel,2016-04-04,3,41,80.0,0.9994,High,240.0,0.14
2567,49004,City Hotel,2016-04-04,3,41,80.0,0.9994,High,240.0,0.14
2568,49005,City Hotel,2016-04-04,3,41,80.0,0.9994,High,240.0,0.14
2569,49006,City Hotel,2016-04-04,3,41,80.0,0.9994,High,240.0,0.14
2570,68530,City Hotel,2017-05-19,1,17,90.0,0.9984,High,90.0,0.14
2571,50583,City Hotel,2016-05-05,3,60,90.0,0.9995,High,270.0,0.13
2572,50587,City Hotel,2016-05-05,3,60,90.0,0.9995,High,270.0,0.13
2573,50605,City Hotel,2016-05-05,3,60,90.0,0.9995,High,270.0,0.13
2574,50608,City Hotel,2016-05-05,3,60,90.0,0.9995,High,270.0,0.13
2575,50651,City Hotel,2016-05-05,3,60,90.0,0.9995,High,270.0,0.13
2576,50652,City Hotel,2016-05-05,3,60,90.0,0.9995,High,270.0,0.13
2577,50653,City Hotel,2016-05-05,3,60,90.0,0.9995,High,270.0,0.13
2578,50660,City Hotel,2016-05-05,3,60,90.0,0.9995,High,270.0,0.13
2579,50661,City Hotel,2016-05-05,3,60,90.0,0.9995,High,270.0,0.13
2580,50671,City Hotel,2016-05-05,3,60,90.0,0.9995,High,270.0,0.13
2581,50677,City Hotel,2016-05-05,3,60,90.0,0.9995,High,270.0,0.13
2582,50678,City Hotel,2016-05-05,3,60,90.0,0.9995,High,270.0,0.13
2583,50692,City Hotel,2016-05-05,3,60,90.0,0.9995,High,270.0,0.13
2584,50693,City Hotel,2016-05-05,3,60,90.0,0.9995,High,270.0,0.13
2585,46441,City Hotel,2016-01-02,3,91,101.0,0.9996,High,303.0,0.12
2586,46443,City Hotel,2016-01-02,3,91,101.0,0.9996,High,303.0,0.12
2587,46444,City Hotel,2016-01-02,3,91,101.0,0.9996,High,303.0,0.12
2588,46445,City Hotel,2016-01-02,3,91,101.0,0.9996,High,303.0,0.12
2589,46446,City Hotel,2016-01-02,3,91,101.0,0.9996,High,303.0,0.12
2590,46447,City Hotel,2016-01-02,3,91,101.0,0.9996,High,303.0,0.12
2591,46451,City Hotel,2016-01-02,3,91,101.0,0.9996,High,303.0,0.12
2592,46453,City Hotel,2016-01-02,3,91,101.0,0.9996,High,303.0,0.12
2593,46454,City Hotel,2016-01-02,3,91,101.0,0.9996,High,303.0,0.12
2594,46455,City Hotel,2016-01-02,3,91,101.0,0.9996,High,303.0,0.12
2595,46456,City Hotel,2016-01-02,3,91,101.0,0.9996,High,303.0,0.12
2596,46459,City Hotel,2016-01-02,3,91,101.0,0.9996,High,303.0,0.12
2597,46460,City Hotel,2016-01-02,3,91,101.0,0.9996,High,303.0,0.12
2598,46461,City Hotel,2016-01-02,3,91,101.0,0.9996,High,303.0,0.12
2599,46462,City Hotel,2016-01-02,3,91,101.0,0.9996,High,303.0,0.12
2600,46463,City Hotel,2016-01-02,3,91,101.0,0.9996,High,303.0,0.12
2601,46464,City Hotel,2016-01-02,3,91,101.0,0.9996,High,303.0,0.12
2602,46465,City Hotel,2016-01-02,3,91,101.0,0.9996,High,303.0,0.12
2603,46466,City Hotel,2016-01-02,3,91,101.0,0.9996,High,303.0,0.12
2604,46467,City Hotel,2016-01-02,3,91,101.0,0.9996,High,303.0,0.12
2605,46468,City Hotel,2016-01-02,3,91,101.0,0.9996,High,303.0,0.12
2606,46470,City Hotel,2016-01-02,3,91,101.0,0.9996,High,303.0,0.12
2607,46471,City Hotel,2016-01-02,3,91,101.0,0.9996,High,303.0,0.12
2608,46472,City Hotel,2016-01-02,3,91,101.0,0.9996,High,303.0,0.12
2609,46473,City Hotel,2016-01-02,3,91,101.0,0.9996,High,303.0,0.12
2610,50554,City Hotel,2016-05-04,4,55,90.0,0.9997,High,360.0,0.11
2611,50555,City Hotel,2016-05-04,4,55,90.0,0.9997,High,360.0,0.11
2612,50556,City Hotel,2016-05-04,4,55,90.0,0.9997,High,360.0,0.11
2613,50563,City Hotel,2016-05-04,4,55,90.0,0.9997,High,360.0,0.11
2614,50564,City Hotel,2016-05-04,4,55,90.0,0.9997,High,360.0,0.11
2615,50568,City Hotel,2016-05-04,4,55,90.0,0.9997,High,360.0,0.11
2616,50569,City Hotel,2016-05-04,4,55,90.0,0.9997,High,360.0,0.11
2617,50570,City Hotel,2016-05-04,4,55,90.0,0.9997,High,360.0,0.11
2618,50571,City Hotel,2016-05-04,4,55,90.0,0.9997,High,360.0,0.11
2619,50572,City Hotel,2016-05-04,4,55,90.0,0.9997,High,360.0,0.11
2620,53020,City Hotel,2016-06-15,2,80,112.2,0.9995,High,224.4,0.11
2621,53021,City Hotel,2016-06-15,2,80,112.2,0.9995,High,224.4,0.11
2622,53032,City Hotel,2016-06-15,2,80,112.2,0.9995,High,224.4,0.11
2623,53033,City Hotel,2016-06-15,2,80,112.2,0.9995,High,224.4,0.11
2624,53053,City Hotel,2016-06-15,2,80,112.2,0.9995,High,224.4,0.11
2625,53054,City Hotel,2016-06-15,2,80,112.2,0.9995,High,224.4,0.11
2626,53075,City Hotel,2016-06-15,2,80,112.2,0.9995,High,224.4,0.11
2627,53077,City Hotel,2016-06-15,2,80,112.2,0.9995,High,224.4,0.11
2628,53078,City Hotel,2016-06-15,2,80,112.2,0.9995,High,224.4,0.11
2629,53107,City Hotel,2016-06-15,2,80,112.2,0.9995,High,224.4,0.11
2630,53108,City Hotel,2016-06-15,2,80,112.2,0.9995,High,224.4,0.11
2631,53109,City Hotel,2016-06-15,2,80,112.2,0.9995,High,224.4,0.11
2632,57687,City Hotel,2016-09-30,3,69,160.0,0.9998,High,480.0,0.1
2633,57688,City Hotel,2016-09-30,3,69,160.0,0.9998,High,480.0,0.1
2634,57704,City Hotel,2016-09-30,3,69,160.0,0.9998,High,480.0,0.1
2635,57705,City Hotel,2016-09-30,3,69,160.0,0.9998,High,480.0,0.1
2636,57706,City Hotel,2016-09-30,3,69,160.0,0.9998,High,480.0,0.1
2637,57709,City Hotel,2016-09-30,3,69,160.0,0.9998,High,480.0,0.1
2638,57710,City Hotel,2016-09-30,3,69,160.0,0.9998,High,480.0,0.1
2639,57716,City Hotel,2016-09-30,3,69,160.0,0.9998,High,480.0,0.1
2640,57717,City Hotel,2016-09-30,3,69,160.0,0.9998,High,480.0,0.1
2641,57724,City Hotel,2016-09-30,3,69,160.0,0.9998,High,480.0,0.1
2642,57725,City Hotel,2016-09-30,3,69,160.0,0.9998,High,480.0,0.1
2643,57726,City Hotel,2016-09-30,3,69,160.0,0.9998,High,480.0,0.1
2644,57731,City Hotel,2016-09-30,3,69,160.0,0.9998,High,480.0,0.1
2645,57732,City Hotel,2016-09-30,3,69,160.0,0.9998,High,480.0,0.1
2646,57740,City Hotel,2016-09-30,3,69,160.0,0.9998,High,480.0,0.1
2647,57741,City Hotel,2016-09-30,3,69,160.0,0.9998,High,480.0,0.1
2648,57743,City Hotel,2016-09-30,3,69,160.0,0.9998,High,480.0,0.1
2649,57751,City Hotel,2016-09-30,3,69,160.0,0.9998,High,480.0,0.1
2650,57752,City Hotel,2016-09-30,3,69,160.0,0.9998,High,480.0,0.1
2651,57755,City Hotel,2016-09-30,3,69,160.0,0.9998,High,480.0,0.1
2652,57756,City Hotel,2016-09-30,3,69,160.0,0.9998,High,480.0,0.1
2653,57765,City Hotel,2016-09-30,3,69,160.0,0.9998,High,480.0,0.1
2654,57766,City Hotel,2016-09-30,3,69,160.0,0.9998,High,480.0,0.1
2655,57769,City Hotel,2016-09-30,3,69,160.0,0.9998,High,480.0,0.1
2656,57770,City Hotel,2016-09-30,3,69,160.0,0.9998,High,480.0,0.1
2657,50584,City Hotel,2016-05-05,3,96,100.0,0.9997,High,300.0,0.09
2658,50585,City Hotel,2016-05-05,3,96,100.0,0.9997,High,300.0,0.09
2659,50588,City Hotel,2016-05-05,3,96,100.0,0.9997,High,300.0,0.09
2660,50589,City Hotel,2016-05-05,3,96,100.0,0.9997,High,300.0,0.09
2661,50603,City Hotel,2016-05-05,3,96,100.0,0.9997,High,300.0,0.09
2662,50604,City Hotel,2016-05-05,3,96,100.0,0.9997,High,300.0,0.09
2663,50607,City Hotel,2016-05-05,3,96,100.0,0.9997,High,300.0,0.09
2664,50618,City Hotel,2016-05-05,3,96,100.0,0.9997,High,300.0,0.09
2665,50654,City Hotel,2016-05-05,3,96,100.0,0.9997,High,300.0,0.09
2666,50655,City Hotel,2016-05-05,3,96,100.0,0.9997,High,300.0,0.09
2667,50662,City Hotel,2016-05-05,3,96,100.0,0.9997,High,300.0,0.09
2668,50663,City Hotel,2016-05-05,3,96,100.0,0.9997,High,300.0,0.09
2669,50670,City Hotel,2016-05-05,3,96,100.0,0.9997,High,300.0,0.09
2670,50686,City Hotel,2016-05-05,3,96,100.0,0.9997,High,300.0,0.09
2671,50687,City Hotel,2016-05-05,3,96,100.0,0.9997,High,300.0,0.09
2672,49989,City Hotel,2016-04-22,3,77,85.0,0.9997,High,255.0,0.08
2673,49990,City Hotel,2016-04-22,3,77,85.0,0.9997,High,255.0,0.08
2674,49991,City Hotel,2016-04-22,3,77,85.0,0.9997,High,255.0,0.08
2675,49992,City Hotel,2016-04-22,3,77,85.0,0.9997,High,255.0,0.08
2676,49995,City Hotel,2016-04-22,3,77,85.0,0.9997,High,255.0,0.08
2677,49997,City Hotel,2016-04-22,3,77,85.0,0.9997,High,255.0,0.08
2678,49998,City Hotel,2016-04-22,3,77,85.0,0.9997,High,255.0,0.08
2679,49999,City Hotel,2016-04-22,3,77,85.0,0.9997,High,255.0,0.08
2680,50000,City Hotel,2016-04-22,3,77,85.0,0.9997,High,255.0,0.08
2681,50002,City Hotel,2016-04-22,3,77,85.0,0.9997,High,255.0,0.08
2682,50003,City Hotel,2016-04-22,3,77,85.0,0.9997,High,255.0,0.08
2683,50004,City Hotel,2016-04-22,3,77,85.0,0.9997,High,255.0,0.08
2684,50005,City Hotel,2016-04-22,3,77,85.0,0.9997,High,255.0,0.08
2685,50006,City Hotel,2016-04-22,3,77,85.0,0.9997,High,255.0,0.08
2686,50009,City Hotel,2016-04-22,3,77,85.0,0.9997,High,255.0,0.08
2687,50010,City Hotel,2016-04-22,3,77,85.0,0.9997,High,255.0,0.08
2688,50011,City Hotel,2016-04-22,3,77,85.0,0.9997,High,255.0,0.08
2689,50013,City Hotel,2016-04-22,3,77,85.0,0.9997,High,255.0,0.08
2690,50014,City Hotel,2016-04-22,3,77,85.0,0.9997,High,255.0,0.08
2691,50015,City Hotel,2016-04-22,3,77,85.0,0.9997,High,255.0,0.08
2692,50016,City Hotel,2016-04-22,3,77,85.0,0.9997,High,255.0,0.08
2693,50021,City Hotel,2016-04-22,3,77,85.0,0.9997,High,255.0,0.08
2694,50022,City Hotel,2016-04-22,3,77,85.0,0.9997,High,255.0,0.08
2695,50023,City Hotel,2016-04-22,3,77,85.0,0.9997,High,255.0,0.08
2696,50025,City Hotel,2016-04-22,3,77,85.0,0.9997,High,255.0,0.08
2697,56588,City Hotel,2016-09-09,2,32,105.0,0.9996,High,210.0,0.08
2698,56589,City Hotel,2016-09-09,2,32,105.0,0.9996,High,210.0,0.08
2699,56591,City Hotel,2016-09-09,2,32,105.0,0.9996,High,210.0,0.08
2700,56592,City Hotel,2016-09-09,2,32,105.0,0.9996,High,210.0,0.08
2701,56597,City Hotel,2016-09-09,2,32,105.0,0.9996,High,210.0,0.08
2702,56598,City Hotel,2016-09-09,2,32,105.0,0.9996,High,210.0,0.08
2703,56604,City Hotel,2016-09-09,2,32,105.0,0.9996,High,210.0,0.08
2704,56605,City Hotel,2016-09-09,2,32,105.0,0.9996,High,210.0,0.08
2705,56606,City Hotel,2016-09-09,2,32,105.0,0.9996,High,210.0,0.08
2706,56608,City Hotel,2016-09-09,2,32,105.0,0.9996,High,210.0,0.08
2707,56611,City Hotel,2016-09-09,2,32,105.0,0.9996,High,210.0,0.08
2708,56612,City Hotel,2016-09-09,2,32,105.0,0.9996,High,210.0,0.08
2709,56613,City Hotel,2016-09-09,2,32,105.0,0.9996,High,210.0,0.08
2710,56617,City Hotel,2016-09-09,2,32,105.0,0.9996,High,210.0,0.08
2711,56624,City Hotel,2016-09-09,2,32,105.0,0.9996,High,210.0,0.08
2712,56625,City Hotel,2016-09-09,2,32,105.0,0.9996,High,210.0,0.08
2713,56626,City Hotel,2016-09-09,2,32,105.0,0.9996,High,210.0,0.08
2714,58390,City Hotel,2016-10-12,3,68,75.0,0.9997,High,225.0,0.07
2715,58391,City Hotel,2016-10-12,3,68,75.0,0.9997,High,225.0,0.07
2716,58399,City Hotel,2016-10-12,3,68,75.0,0.9997,High,225.0,0.07
2717,58400,City Hotel,2016-10-12,3,68,75.0,0.9997,High,225.0,0.07
2718,58401,City Hotel,2016-10-12,3,68,75.0,0.9997,High,225.0,0.07
2719,58407,City Hotel,2016-10-12,3,68,75.0,0.9997,High,225.0,0.07
2720,58414,City Hotel,2016-10-12,3,68,75.0,0.9997,High,225.0,0.07
2721,58419,City Hotel,2016-10-12,3,68,75.0,0.9997,High,225.0,0.07
2722,58422,City Hotel,2016-10-12,3,68,75.0,0.9997,High,225.0,0.07
2723,58423,City Hotel,2016-10-12,3,68,75.0,0.9997,High,225.0,0.07
2724,58424,City Hotel,2016-10-12,3,68,75.0,0.9997,High,225.0,0.07
2725,58429,City Hotel,2016-10-12,3,68,75.0,0.9997,High,225.0,0.07
2726,58436,City Hotel,2016-10-12,3,68,75.0,0.9997,High,225.0,0.07
2727,58441,City Hotel,2016-10-12,3,68,75.0,0.9997,High,225.0,0.07
2728,58442,City Hotel,2016-10-12,3,68,75.0,0.9997,High,225.0,0.07
2729,58443,City Hotel,2016-10-12,3,68,75.0,0.9997,High,225.0,0.07
2730,58448,City Hotel,2016-10-12,3,68,75.0,0.9997,High,225.0,0.07
2731,58449,City Hotel,2016-10-12,3,68,75.0,0.9997,High,225.0,0.07
2732,58452,City Hotel,2016-10-12,3,68,75.0,0.9997,High,225.0,0.07
2733,58453,City Hotel,2016-10-12,3,68,75.0,0.9997,High,225.0,0.07
2734,51398,City Hotel,2016-05-19,4,120,80.0,0.9998,High,320.0,0.06
2735,51399,City Hotel,2016-05-19,4,120,80.0,0.9998,High,320.0,0.06
2736,51400,City Hotel,2016-05-19,4,120,80.0,0.9998,High,320.0,0.06
2737,51401,City Hotel,2016-05-19,4,120,80.0,0.9998,High,320.0,0.06
2738,51402,City Hotel,2016-05-19,4,120,80.0,0.9998,High,320.0,0.06
2739,51403,City Hotel,2016-05-19,4,120,80.0,0.9998,High,320.0,0.06
2740,51404,City Hotel,2016-05-19,4,120,80.0,0.9998,High,320.0,0.06
2741,51405,City Hotel,2016-05-19,4,120,80.0,0.9998,High,320.0,0.06
2742,51406,City Hotel,2016-05-19,4,120,80.0,0.9998,High,320.0,0.06
2743,51407,City Hotel,2016-05-19,4,120,80.0,0.9998,High,320.0,0.06
2744,51408,City Hotel,2016-05-19,4,120,80.0,0.9998,High,320.0,0.06
2745,51409,City Hotel,2016-05-19,4,120,80.0,0.9998,High,320.0,0.06
2746,51410,City Hotel,2016-05-19,4,120,80.0,0.9998,High,320.0,0.06
2747,51411,City Hotel,2016-05-19,4,120,80.0,0.9998,High,320.0,0.06
2748,51412,City Hotel,2016-05-19,4,120,80.0,0.9998,High,320.0,0.06
2749,51413,City Hotel,2016-05-19,4,120,80.0,0.9998,High,320.0,0.06
2750,51414,City Hotel,2016-05-19,4,120,80.0,0.9998,High,320.0,0.06
2751,51418,City Hotel,2016-05-19,4,120,80.0,0.9998,High,320.0,0.06
2752,51419,City Hotel,2016-05-19,4,120,80.0,0.9998,High,320.0,0.06
2753,51420,City Hotel,2016-05-19,4,120,80.0,0.9998,High,320.0,0.06
2754,51421,City Hotel,2016-05-19,4,120,80.0,0.9998,High,320.0,0.06
2755,51422,City Hotel,2016-05-19,4,120,80.0,0.9998,High,320.0,0.06
2756,51423,City Hotel,2016-05-19,4,120,80.0,0.9998,High,320.0,0.06
2757,51424,City Hotel,2016-05-19,4,120,80.0,0.9998,High,320.0,0.06
2758,51425,City Hotel,2016-05-19,4,120,80.0,0.9998,High,320.0,0.06
2759,56986,City Hotel,2016-09-16,3,70,100.0,0.9998,High,300.0,0.06
2760,56990,City Hotel,2016-09-16,3,70,100.0,0.9998,High,300.0,0.06
2761,56992,City Hotel,2016-09-16,3,70,100.0,0.9998,High,300.0,0.06
2762,56993,City Hotel,2016-09-16,3,70,100.0,0.9998,High,300.0,0.06
2763,56995,City Hotel,2016-09-16,3,70,100.0,0.9998,High,300.0,0.06
2764,56996,City Hotel,2016-09-16,3,70,100.0,0.9998,High,300.0,0.06
2765,57004,City Hotel,2016-09-16,3,70,100.0,0.9998,High,300.0,0.06
2766,57005,City Hotel,2016-09-16,3,70,100.0,0.9998,High,300.0,0.06
2767,57009,City Hotel,2016-09-16,3,70,100.0,0.9998,High,300.0,0.06
2768,57016,City Hotel,2016-09-16,3,70,100.0,0.9998,High,300.0,0.06
2769,57017,City Hotel,2016-09-16,3,70,100.0,0.9998,High,300.0,0.06
2770,57018,City Hotel,2016-09-16,3,70,100.0,0.9998,High,300.0,0.06
2771,57019,City Hotel,2016-09-16,3,70,100.0,0.9998,High,300.0,0.06
2772,57021,City Hotel,2016-09-16,3,70,100.0,0.9998,High,300.0,0.06
2773,57022,City Hotel,2016-09-16,3,70,100.0,0.9998,High,300.0,0.06
2774,57023,City Hotel,2016-09-16,3,70,100.0,0.9998,High,300.0,0.06
2775,57029,City Hotel,2016-09-16,3,70,100.0,0.9998,High,300.0,0.06
2776,57030,City Hotel,2016-09-16,3,70,100.0,0.9998,High,300.0,0.06
2777,82242,City Hotel,2016-03-20,7,9,79.43,0.9999,High,556.01,0.06
2778,82243,City Hotel,2016-03-20,7,9,79.43,0.9999,High,556.01,0.06
2779,82244,City Hotel,2016-03-20,7,9,79.43,0.9999,High,556.01,0.06
2780,82245,City Hotel,2016-03-20,7,9,79.43,0.9999,High,556.01,0.06
2781,82246,City Hotel,2016-03-20,7,9,79.43,0.9999,High,556.01,0.06
2782,82247,City Hotel,2016-03-20,7,9,79.43,0.9999,High,556.01,0.06
2783,82248,City Hotel,2016-03-20,7,9,79.43,0.9999,High,556.01,0.06
2784,82249,City Hotel,2016-03-20,7,9,79.43,0.9999,High,556.01,0.06
2785,82250,City Hotel,2016-03-20,7,9,79.43,0.9999,High,556.01,0.06
2786,82251,City Hotel,2016-03-20,7,9,79.43,0.9999,High,556.01,0.06
2787,82252,City Hotel,2016-03-20,7,9,79.43,0.9999,High,556.01,0.06
2788,82253,City Hotel,2016-03-20,7,9,79.43,0.9999,High,556.01,0.06
2789,58152,City Hotel,2016-10-07,2,391,65.0,0.9996,High,130.0,0.05
2790,58153,City Hotel,2016-10-07,2,391,65.0,0.9996,High,130.0,0.05
2791,58154,City Hotel,2016-10-07,2,391,65.0,0.9996,High,130.0,0.05
2792,58155,City Hotel,2016-10-07,2,391,65.0,0.9996,High,130.0,0.05
2793,58157,City Hotel,2016-10-07,2,391,65.0,0.9996,High,130.0,0.05
2794,58158,City Hotel,2016-10-07,2,391,65.0,0.9996,High,130.0,0.05
2795,58159,City Hotel,2016-10-07,2,391,65.0,0.9996,High,130.0,0.05
2796,58160,City Hotel,2016-10-07,2,391,65.0,0.9996,High,130.0,0.05
2797,58161,City Hotel,2016-10-07,2,391,65.0,0.9996,High,130.0,0.05
2798,58167,City Hotel,2016-10-07,2,391,65.0,0.9996,High,130.0,0.05
2799,58171,City Hotel,2016-10-07,2,391,65.0,0.9996,High,130.0,0.05
2800,58172,City Hotel,2016-10-07,2,391,65.0,0.9996,High,130.0,0.05
2801,58176,City Hotel,2016-10-07,2,391,65.0,0.9996,High,130.0,0.05
2802,58177,City Hotel,2016-10-07,2,391,65.0,0.9996,High,130.0,0.05
2803,58179,City Hotel,2016-10-07,2,391,65.0,0.9996,High,130.0,0.05
2804,59076,City Hotel,2016-10-21,2,391,65.0,0.9996,High,130.0,0.05
2805,59077,City Hotel,2016-10-21,2,391,65.0,0.9996,High,130.0,0.05
2806,59084,City Hotel,2016-10-21,2,391,65.0,0.9996,High,130.0,0.05
2807,59085,City Hotel,2016-10-21,2,391,65.0,0.9996,High,130.0,0.05
2808,59090,City Hotel,2016-10-21,2,391,65.0,0.9996,High,130.0,0.05
2809,59091,City Hotel,2016-10-21,2,391,65.0,0.9996,High,130.0,0.05
2810,59095,City Hotel,2016-10-21,2,391,65.0,0.9996,High,130.0,0.05
2811,59096,City Hotel,2016-10-21,2,391,65.0,0.9996,High,130.0,0.05
2812,59105,City Hotel,2016-10-21,2,391,65.0,0.9996,High,130.0,0.05
2813,59109,City Hotel,2016-10-21,2,391,65.0,0.9996,High,130.0,0.05
2814,59110,City Hotel,2016-10-21,2,391,65.0,0.9996,High,130.0,0.05
2815,59113,City Hotel,2016-10-21,2,391,65.0,0.9996,High,130.0,0.05
2816,59120,City Hotel,2016-10-21,2,391,65.0,0.9996,High,130.0,0.05
2817,59123,City Hotel,2016-10-21,2,391,65.0,0.9996,High,130.0,0.05
2818,59142,City Hotel,2016-10-21,2,391,65.0,0.9996,High,130.0,0.05
2819,59395,City Hotel,2016-10-28,2,391,65.0,0.9996,High,130.0,0.05
2820,59397,City Hotel,2016-10-28,2,391,65.0,0.9996,High,130.0,0.05
2821,59403,City Hotel,2016-10-28,2,391,65.0,0.9996,High,130.0,0.05
2822,59407,City Hotel,2016-10-28,2,391,65.0,0.9996,High,130.0,0.05
2823,59408,City Hotel,2016-10-28,2,391,65.0,0.9996,High,130.0,0.05
2824,59411,City Hotel,2016-10-28,2,391,65.0,0.9996,High,130.0,0.05
2825,59412,City Hotel,2016-10-28,2,391,65.0,0.9996,High,130.0,0.05
2826,59421,City Hotel,2016-10-28,2,391,65.0,0.9996,High,130.0,0.05
2827,59430,City Hotel,2016-10-28,2,391,65.0,0.9996,High,130.0,0.05
2828,59431,City Hotel,2016-10-28,2,391,65.0,0.9996,High,130.0,0.05
2829,59434,City Hotel,2016-10-28,2,391,65.0,0.9996,High,130.0,0.05
2830,59435,City Hotel,2016-10-28,2,391,65.0,0.9996,High,130.0,0.05
2831,59444,City Hotel,2016-10-28,2,391,65.0,0.9996,High,130.0,0.05
2832,59450,City Hotel,2016-10-28,2,391,65.0,0.9996,High,130.0,0.05
2833,59454,City Hotel,2016-10-28,2,391,65.0,0.9996,High,130.0,0.05
2834,81102,City Hotel,2016-02-02,5,21,96.0,0.9999,High,480.0,0.05
2835,81103,City Hotel,2016-02-02,5,21,96.0,0.9999,High,480.0,0.05
2836,81104,City Hotel,2016-02-02,5,21,96.0,0.9999,High,480.0,0.05
2837,81105,City Hotel,2016-02-02,5,21,96.0,0.9999,High,480.0,0.05
2838,81106,City Hotel,2016-02-02,5,21,96.0,0.9999,High,480.0,0.05
2839,81107,City Hotel,2016-02-02,5,21,96.0,0.9999,High,480.0,0.05
2840,81108,City Hotel,2016-02-02,5,21,96.0,0.9999,High,480.0,0.05
2841,81109,City Hotel,2016-02-02,5,21,96.0,0.9999,High,480.0,0.05
2842,81110,City Hotel,2016-02-02,5,21,96.0,0.9999,High,480.0,0.05
2843,81111,City Hotel,2016-02-02,5,21,96.0,0.9999,High,480.0,0.05
2844,81112,City Hotel,2016-02-02,5,21,96.0,0.9999,High,480.0,0.05
2845,81113,City Hotel,2016-02-02,5,21,96.0,0.9999,High,480.0,0.05
2846,52344,City Hotel,2016-06-04,2,69,62.8,0.9997,High,125.6,0.04
2847,52345,City Hotel,2016-06-04,2,69,62.8,0.9997,High,125.6,0.04
2848,52346,City Hotel,2016-06-04,2,69,62.8,0.9997,High,125.6,0.04
2849,52347,City Hotel,2016-06-04,2,69,62.8,0.9997,High,125.6,0.04
2850,52348,City Hotel,2016-06-04,2,69,62.8,0.9997,High,125.6,0.04
2851,52350,City Hotel,2016-06-04,2,69,62.8,0.9997,High,125.6,0.04
2852,52351,City Hotel,2016-06-04,2,69,62.8,0.9997,High,125.6,0.04
2853,52353,City Hotel,2016-06-04,2,69,62.8,0.9997,High,125.6,0.04
2854,52354,City Hotel,2016-06-04,2,69,62.8,0.9997,High,125.6,0.04
2855,52355,City Hotel,2016-06-04,2,69,62.8,0.9997,High,125.6,0.04
2856,52356,City Hotel,2016-06-04,2,69,62.8,0.9997,High,125.6,0.04
2857,52357,City Hotel,2016-06-04,2,69,62.8,0.9997,High,125.6,0.04
2858,52358,City Hotel,2016-06-04,2,69,62.8,0.9997,High,125.6,0.04
2859,52360,City Hotel,2016-06-04,2,69,62.8,0.9997,High,125.6,0.04
2860,52361,City Hotel,2016-06-04,2,69,62.8,0.9997,High,125.6,0.04
2861,52362,City Hotel,2016-06-04,2,69,62.8,0.9997,High,125.6,0.04
2862,52363,City Hotel,2016-06-04,2,69,62.8,0.9997,High,125.6,0.04
2863,52364,City Hotel,2016-06-04,2,69,62.8,0.9997,High,125.6,0.04
2864,52366,City Hotel,2016-06-04,2,69,62.8,0.9997,High,125.6,0.04
2865,52367,City Hotel,2016-06-04,2,69,62.8,0.9997,High,125.6,0.04
2866,52368,City Hotel,2016-06-04,2,69,62.8,0.9997,High,125.6,0.04
2867,52369,City Hotel,2016-06-04,2,69,62.8,0.9997,High,125.6,0.04
2868,52371,City Hotel,2016-06-04,2,69,62.8,0.9997,High,125.6,0.04
2869,52372,City Hotel,2016-06-04,2,69,62.8,0.9997,High,125.6,0.04
2870,52373,City Hotel,2016-06-04,2,69,62.8,0.9997,High,125.6,0.04
2871,52374,City Hotel,2016-06-04,2,69,62.8,0.9997,High,125.6,0.04
2872,52375,City Hotel,2016-06-04,2,69,62.8,0.9997,High,125.6,0.04
2873,52376,City Hotel,2016-06-04,2,69,62.8,0.9997,High,125.6,0.04
2874,51095,City Hotel,2016-05-13,5,160,61.0,0.9999,High,305.0,0.03
2875,51096,City Hotel,2016-05-13,5,160,61.0,0.9999,High,305.0,0.03
2876,51098,City Hotel,2016-05-13,5,160,61.0,0.9999,High,305.0,0.03
2877,51099,City Hotel,2016-05-13,5,160,61.0,0.9999,High,305.0,0.03
2878,51100,City Hotel,2016-05-13,5,160,61.0,0.9999,High,305.0,0.03
2879,51101,City Hotel,2016-05-13,5,160,61.0,0.9999,High,305.0,0.03
2880,51102,City Hotel,2016-05-13,5,160,61.0,0.9999,High,305.0,0.03
2881,51103,City Hotel,2016-05-13,5,160,61.0,0.9999,High,305.0,0.03
2882,51104,City Hotel,2016-05-13,5,160,61.0,0.9999,High,305.0,0.03
2883,51105,City Hotel,2016-05-13,5,160,61.0,0.9999,High,305.0,0.03
2884,51106,City Hotel,2016-05-13,5,160,61.0,0.9999,High,305.0,0.03
2885,51107,City Hotel,2016-05-13,5,160,61.0,0.9999,High,305.0,0.03
2886,51108,City Hotel,2016-05-13,5,160,61.0,0.9999,High,305.0,0.03
2887,51110,City Hotel,2016-05-13,5,160,61.0,0.9999,High,305.0,0.03
2888,51111,City Hotel,2016-05-13,5,160,61.0,0.9999,High,305.0,0.03
2889,51112,City Hotel,2016-05-13,5,160,61.0,0.9999,High,305.0,0.03
2890,51113,City Hotel,2016-05-13,5,160,61.0,0.9999,High,305.0,0.03
2891,51115,City Hotel,2016-05-13,5,160,61.0,0.9999,High,305.0,0.03
2892,51116,City Hotel,2016-05-13,5,160,61.0,0.9999,High,305.0,0.03
2893,51117,City Hotel,2016-05-13,5,160,61.0,0.9999,High,305.0,0.03
2894,51118,City Hotel,2016-05-13,5,160,61.0,0.9999,High,305.0,0.03
2895,51119,City Hotel,2016-05-13,5,160,61.0,0.9999,High,305.0,0.03
2896,51120,City Hotel,2016-05-13,5,160,61.0,0.9999,High,305.0,0.03
2897,51122,City Hotel,2016-05-13,5,160,61.0,0.9999,High,305.0,0.03
2898,51123,City Hotel,2016-05-13,5,160,61.0,0.9999,High,305.0,0.03
2899,56478,City Hotel,2016-09-08,1,41,65.0,0.9995,High,65.0,0.03
2900,56479,City Hotel,2016-09-08,1,41,65.0,0.9995,High,65.0,0.03
2901,56481,City Hotel,2016-09-08,1,41,65.0,0.9995,High,65.0,0.03
2902,56482,City Hotel,2016-09-08,1,41,65.0,0.9995,High,65.0,0.03
2903,56484,City Hotel,2016-09-08,1,41,65.0,0.9995,High,65.0,0.03
2904,56486,City Hotel,2016-09-08,1,41,65.0,0.9995,High,65.0,0.03
2905,56487,City Hotel,2016-09-08,1,41,65.0,0.9995,High,65.0,0.03
2906,56488,City Hotel,2016-09-08,1,41,65.0,0.9995,High,65.0,0.03
2907,56489,City Hotel,2016-09-08,1,41,65.0,0.9995,High,65.0,0.03
2908,56490,City Hotel,2016-09-08,1,41,65.0,0.9995,High,65.0,0.03
2909,56492,City Hotel,2016-09-08,1,41,65.0,0.9995,High,65.0,0.03
2910,56493,City Hotel,2016-09-08,1,41,65.0,0.9995,High,65.0,0.03
2911,56494,City Hotel,2016-09-08,1,41,65.0,0.9995,High,65.0,0.03
2912,56495,City Hotel,2016-09-08,1,41,65.0,0.9995,High,65.0,0.03
2913,56496,City Hotel,2016-09-08,1,41,65.0,0.9995,High,65.0,0.03
2914,81822,City Hotel,2016-04-28,3,46,110.0,0.9999,High,330.0,0.03
2915,81823,City Hotel,2016-04-28,3,46,110.0,0.9999,High,330.0,0.03
2916,81824,City Hotel,2016-04-28,3,46,110.0,0.9999,High,330.0,0.03
2917,81825,City Hotel,2016-04-28,3,46,110.0,0.9999,High,330.0,0.03
2918,81826,City Hotel,2016-04-28,3,46,110.0,0.9999,High,330.0,0.03
2919,81827,City Hotel,2016-04-28,3,46,110.0,0.9999,High,330.0,0.03
2920,81828,City Hotel,2016-04-28,3,46,110.0,0.9999,High,330.0,0.03
2921,81829,City Hotel,2016-04-28,3,46,110.0,0.9999,High,330.0,0.03
2922,81830,City Hotel,2016-04-28,3,46,110.0,0.9999,High,330.0,0.03
2923,81831,City Hotel,2016-04-28,3,46,110.0,0.9999,High,330.0,0.03
2924,81832,City Hotel,2016-04-28,3,46,110.0,0.9999,High,330.0,0.03
2925,81833,City Hotel,2016-04-28,3,46,110.0,0.9999,High,330.0,0.03
2926,81834,City Hotel,2016-04-28,3,46,110.0,0.9999,High,330.0,0.03
2927,81835,City Hotel,2016-04-28,3,46,110.0,0.9999,High,330.0,0.03
2928,81836,City Hotel,2016-04-28,3,46,110.0,0.9999,High,330.0,0.03
2929,81837,City Hotel,2016-04-28,3,46,110.0,0.9999,High,330.0,0.03
2930,81838,City Hotel,2016-04-28,3,46,110.0,0.9999,High,330.0,0.03
2931,81839,City Hotel,2016-04-28,3,46,110.0,0.9999,High,330.0,0.03
2932,81840,City Hotel,2016-04-28,3,46,110.0,0.9999,High,330.0,0.03
2933,81841,City Hotel,2016-04-28,3,46,110.0,0.9999,High,330.0,0.03
2934,81842,City Hotel,2016-04-28,3,46,110.0,0.9999,High,330.0,0.03
2935,81843,City Hotel,2016-04-28,3,46,110.0,0.9999,High,330.0,0.03
2936,81844,City Hotel,2016-04-28,3,46,110.0,0.9999,High,330.0,0.03
2937,81845,City Hotel,2016-04-28,3,46,110.0,0.9999,High,330.0,0.03
2938,81846,City Hotel,2016-04-28,3,46,110.0,0.9999,High,330.0,0.03
2939,81847,City Hotel,2016-04-28,3,46,110.0,0.9999,High,330.0,0.03
2940,81848,City Hotel,2016-04-28,3,46,110.0,0.9999,High,330.0,0.03
2941,81849,City Hotel,2016-04-28,3,46,110.0,0.9999,High,330.0,0.03
2942,81850,City Hotel,2016-04-28,3,46,110.0,0.9999,High,330.0,0.03
2943,81851,City Hotel,2016-04-28,3,46,110.0,0.9999,High,330.0,0.03
2944,81852,City Hotel,2016-04-28,3,46,110.0,0.9999,High,330.0,0.03
2945,81853,City Hotel,2016-04-28,3,46,110.0,0.9999,High,330.0,0.03
2946,81854,City Hotel,2016-04-28,3,46,110.0,0.9999,High,330.0,0.03
2947,81855,City Hotel,2016-04-28,3,46,110.0,0.9999,High,330.0,0.03
2948,81856,City Hotel,2016-04-28,3,46,110.0,0.9999,High,330.0,0.03
2949,81857,City Hotel,2016-04-28,3,46,110.0,0.9999,High,330.0,0.03
2950,81858,City Hotel,2016-04-28,3,46,110.0,0.9999,High,330.0,0.03
2951,81859,City Hotel,2016-04-28,3,46,110.0,0.9999,High,330.0,0.03
2952,81860,City Hotel,2016-04-28,3,46,110.0,0.9999,High,330.0,0.03
2953,81861,City Hotel,2016-04-28,3,46,110.0,0.9999,High,330.0,0.03
2954,81862,City Hotel,2016-04-28,3,46,110.0,0.9999,High,330.0,0.03
2955,81863,City Hotel,2016-04-28,3,46,110.0,0.9999,High,330.0,0.03
2956,81864,City Hotel,2016-04-28,3,46,110.0,0.9999,High,330.0,0.03
2957,81865,City Hotel,2016-04-28,3,46,110.0,0.9999,High,330.0,0.03
2958,81866,City Hotel,2016-04-28,3,46,110.0,0.9999,High,330.0,0.03
2959,81867,City Hotel,2016-04-28,3,46,110.0,0.9999,High,330.0,0.03
2960,81868,City Hotel,2016-04-28,3,46,110.0,0.9999,High,330.0,0.03
2961,81869,City Hotel,2016-04-28,3,46,110.0,0.9999,High,330.0,0.03
2962,81870,City Hotel,2016-04-28,3,46,110.0,0.9999,High,330.0,0.03
2963,81871,City Hotel,2016-04-28,3,46,110.0,0.9999,High,330.0,0.03
2964,81872,City Hotel,2016-04-28,3,46,110.0,0.9999,High,330.0,0.03
2965,81873,City Hotel,2016-04-28,3,46,110.0,0.9999,High,330.0,0.03
2966,81874,City Hotel,2016-04-28,3,46,110.0,0.9999,High,330.0,0.03
2967,81875,City Hotel,2016-04-28,3,46,110.0,0.9999,High,330.0,0.03
2968,81876,City Hotel,2016-04-28,3,46,110.0,0.9999,High,330.0,0.03
2969,81877,City Hotel,2016-04-28,3,46,110.0,0.9999,High,330.0,0.03
2970,81878,City Hotel,2016-04-28,3,46,110.0,0.9999,High,330.0,0.03
2971,81879,City Hotel,2016-04-28,3,46,110.0,0.9999,High,330.0,0.03
2972,81880,City Hotel,2016-04-28,3,46,110.0,0.9999,High,330.0,0.03
2973,81883,City Hotel,2016-04-28,3,46,110.0,0.9999,High,330.0,0.03
2974,50129,City Hotel,2016-04-24,2,50,95.0,0.9999,High,190.0,0.02
2975,50130,City Hotel,2016-04-24,2,50,95.0,0.9999,High,190.0,0.02
2976,50131,City Hotel,2016-04-24,2,50,95.0,0.9999,High,190.0,0.02
2977,50132,City Hotel,2016-04-24,2,50,95.0,0.9999,High,190.0,0.02
2978,50133,City Hotel,2016-04-24,2,50,95.0,0.9999,High,190.0,0.02
2979,50134,City Hotel,2016-04-24,2,50,95.0,0.9999,High,190.0,0.02
2980,50136,City Hotel,2016-04-24,2,50,95.0,0.9999,High,190.0,0.02
2981,50137,City Hotel,2016-04-24,2,50,95.0,0.9999,High,190.0,0.02
2982,50138,City Hotel,2016-04-24,2,50,95.0,0.9999,High,190.0,0.02
2983,50139,City Hotel,2016-04-24,2,50,95.0,0.9999,High,190.0,0.02
2984,50140,City Hotel,2016-04-24,2,50,95.0,0.9999,High,190.0,0.02
2985,50141,City Hotel,2016-04-24,2,50,95.0,0.9999,High,190.0,0.02
2986,50142,City Hotel,2016-04-24,2,50,95.0,0.9999,High,190.0,0.02
2987,50144,City Hotel,2016-04-24,2,50,95.0,0.9999,High,190.0,0.02
2988,50145,City Hotel,2016-04-24,2,50,95.0,0.9999,High,190.0,0.02
2989,50146,City Hotel,2016-04-24,2,50,95.0,0.9999,High,190.0,0.02
2990,50147,City Hotel,2016-04-24,2,50,95.0,0.9999,High,190.0,0.02
2991,50148,City Hotel,2016-04-24,2,50,95.0,0.9999,High,190.0,0.02
2992,50149,City Hotel,2016-04-24,2,50,95.0,0.9999,High,190.0,0.02
2993,50151,City Hotel,2016-04-24,2,50,95.0,0.9999,High,190.0,0.02
2994,50152,City Hotel,2016-04-24,2,50,95.0,0.9999,High,190.0,0.02
2995,50153,City Hotel,2016-04-24,2,50,95.0,0.9999,High,190.0,0.02
2996,50154,City Hotel,2016-04-24,2,50,95.0,0.9999,High,190.0,0.02
2997,50155,City Hotel,2016-04-24,2,50,95.0,0.9999,High,190.0,0.02
2998,50156,City Hotel,2016-04-24,2,50,95.0,0.9999,High,190.0,0.02
2999,51250,City Hotel,2016-05-17,1,75,65.0,0.9997,High,65.0,0.02
3000,51251,City Hotel,2016-05-17,1,75,65.0,0.9997,High,65.0,0.02
3001,51252,City Hotel,2016-05-17,1,75,65.0,0.9997,High,65.0,0.02
3002,51253,City Hotel,2016-05-17,1,75,65.0,0.9997,High,65.0,0.02
3003,51254,City Hotel,2016-05-17,1,75,65.0,0.9997,High,65.0,0.02
3004,51255,City Hotel,2016-05-17,1,75,65.0,0.9997,High,65.0,0.02
3005,51256,City Hotel,2016-05-17,1,75,65.0,0.9997,High,65.0,0.02
3006,51257,City Hotel,2016-05-17,1,75,65.0,0.9997,High,65.0,0.02
3007,51258,City Hotel,2016-05-17,1,75,65.0,0.9997,High,65.0,0.02
3008,51259,City Hotel,2016-05-17,1,75,65.0,0.9997,High,65.0,0.02
3009,51260,City Hotel,2016-05-17,1,75,65.0,0.9997,High,65.0,0.02
3010,51261,City Hotel,2016-05-17,1,75,65.0,0.9997,High,65.0,0.02
3011,51262,City Hotel,2016-05-17,1,75,65.0,0.9997,High,65.0,0.02
3012,51263,City Hotel,2016-05-17,1,75,65.0,0.9997,High,65.0,0.02
3013,51265,City Hotel,2016-05-17,1,75,65.0,0.9997,High,65.0,0.02
3014,51266,City Hotel,2016-05-17,1,75,65.0,0.9997,High,65.0,0.02
3015,51267,City Hotel,2016-05-17,1,75,65.0,0.9997,High,65.0,0.02
3016,51268,City Hotel,2016-05-17,1,75,65.0,0.9997,High,65.0,0.02
3017,51269,City Hotel,2016-05-17,1,75,65.0,0.9997,High,65.0,0.02
3018,51270,City Hotel,2016-05-17,1,75,65.0,0.9997,High,65.0,0.02
3019,81742,City Hotel,2016-02-25,3,44,75.0,0.9999,High,225.0,0.02
3020,81743,City Hotel,2016-02-25,3,44,75.0,0.9999,High,225.0,0.02
3021,81744,City Hotel,2016-02-25,3,44,75.0,0.9999,High,225.0,0.02
3022,81745,City Hotel,2016-02-25,3,44,75.0,0.9999,High,225.0,0.02
3023,81746,City Hotel,2016-02-25,3,44,75.0,0.9999,High,225.0,0.02
3024,81747,City Hotel,2016-02-25,3,44,75.0,0.9999,High,225.0,0.02
3025,81748,City Hotel,2016-02-25,3,44,75.0,0.9999,High,225.0,0.02
3026,81749,City Hotel,2016-02-25,3,44,75.0,0.9999,High,225.0,0.02
3027,81750,City Hotel,2016-02-25,3,44,75.0,0.9999,High,225.0,0.02
3028,81751,City Hotel,2016-02-25,3,44,75.0,0.9999,High,225.0,0.02
3029,81752,City Hotel,2016-02-25,3,44,75.0,0.9999,High,225.0,0.02
3030,81753,City Hotel,2016-02-25,3,44,75.0,0.9999,High,225.0,0.02
3031,81754,City Hotel,2016-02-25,3,44,75.0,0.9999,High,225.0,0.02
3032,81755,City Hotel,2016-02-25,3,44,75.0,0.9999,High,225.0,0.02
3033,81756,City Hotel,2016-02-25,3,44,75.0,0.9999,High,225.0,0.02
3034,81757,City Hotel,2016-02-25,3,44,75.0,0.9999,High,225.0,0.02
3035,81758,City Hotel,2016-02-25,3,44,75.0,0.9999,High,225.0,0.02
3036,81759,City Hotel,2016-02-25,3,44,75.0,0.9999,High,225.0,0.02
3037,81760,City Hotel,2016-02-25,3,44,75.0,0.9999,High,225.0,0.02
3038,81761,City Hotel,2016-02-25,3,44,75.0,0.9999,High,225.0,0.02
3039,81762,City Hotel,2016-02-25,3,44,75.0,0.9999,High,225.0,0.02
3040,81763,City Hotel,2016-02-25,3,44,75.0,0.9999,High,225.0,0.02
3041,81764,City Hotel,2016-02-25,3,44,75.0,0.9999,High,225.0,0.02
3042,81765,City Hotel,2016-02-25,3,44,75.0,0.9999,High,225.0,0.02
3043,81766,City Hotel,2016-02-25,3,44,75.0,0.9999,High,225.0,0.02
3044,81767,City Hotel,2016-02-25,3,44,75.0,0.9999,High,225.0,0.02
3045,81768,City Hotel,2016-02-25,3,44,75.0,0.9999,High,225.0,0.02
3046,81769,City Hotel,2016-02-25,3,44,75.0,0.9999,High,225.0,0.02
3047,81770,City Hotel,2016-02-25,3,44,75.0,0.9999,High,225.0,0.02
3048,81771,City Hotel,2016-02-25,3,44,75.0,0.9999,High,225.0,0.02
3049,81772,City Hotel,2016-02-25,3,44,75.0,0.9999,High,225.0,0.02
3050,81773,City Hotel,2016-02-25,3,44,75.0,0.9999,High,225.0,0.02
3051,81774,City Hotel,2016-02-25,3,44,75.0,0.9999,High,225.0,0.02
3052,81775,City Hotel,2016-02-25,3,44,75.0,0.9999,High,225.0,0.02
3053,81776,City Hotel,2016-02-25,3,44,75.0,0.9999,High,225.0,0.02
3054,81777,City Hotel,2016-02-25,3,44,75.0,0.9999,High,225.0,0.02
3055,81778,City Hotel,2016-02-25,3,44,75.0,0.9999,High,225.0,0.02
3056,81779,City Hotel,2016-02-25,3,44,75.0,0.9999,High,225.0,0.02
3057,81780,City Hotel,2016-02-25,3,44,75.0,0.9999,High,225.0,0.02
3058,81781,City Hotel,2016-02-25,3,44,75.0,0.9999,High,225.0,0.02
3059,79221,City Hotel,2016-12-01,3,39,75.0,1.0,High,225.0,0.0
3060,79222,City Hotel,2016-12-01,3,39,75.0,1.0,High,225.0,0.0
3061,79223,City Hotel,2016-12-01,3,39,75.0,1.0,High,225.0,0.0
3062,79224,City Hotel,2016-12-01,3,39,75.0,1.0,High,225.0,0.0
3063,79225,City Hotel,2016-12-01,3,39,75.0,1.0,High,225.0,0.0
3064,79226,City Hotel,2016-12-01,3,39,75.0,1.0,High,225.0,0.0
3065,79227,City Hotel,2016-12-01,3,39,75.0,1.0,High,225.0,0.0
3066,79228,City Hotel,2016-12-01,3,39,75.0,1.0,High,225.0,0.0
3067,79229,City Hotel,2016-12-01,3,39,75.0,1.0,High,225.0,0.0
3068,79230,City Hotel,2016-12-01,3,39,75.0,1.0,High,225.0,0.0
3069,79231,City Hotel,2016-12-01,3,39,75.0,1.0,High,225.0,0.0
3070,79232,City Hotel,2016-12-01,3,39,75.0,1.0,High,225.0,0.0
3071,79233,City Hotel,2016-12-01,3,39,75.0,1.0,High,225.0,0.0
3072,79234,City Hotel,2016-12-01,3,39,75.0,1.0,High,225.0,0.0
3073,79235,City Hotel,2016-12-01,3,39,75.0,1.0,High,225.0,0.0
3074,79236,City Hotel,2016-12-01,3,39,75.0,1.0,High,225.0,0.0
3075,79237,City Hotel,2016-12-01,3,39,75.0,1.0,High,225.0,0.0
3076,79238,City Hotel,2016-12-01,3,39,75.0,1.0,High,225.0,0.0
3077,79239,City Hotel,2016-12-01,3,39,75.0,1.0,High,225.0,0.0
3078,79240,City Hotel,2016-12-01,3,39,75.0,1.0,High,225.0,0.0
3079,79241,City Hotel,2016-12-01,3,39,75.0,1.0,High,225.0,0.0
3080,79242,City Hotel,2016-12-01,3,39,75.0,1.0,High,225.0,0.0
3081,79243,City Hotel,2016-12-01,3,39,75.0,1.0,High,225.0,0.0
3082,79244,City Hotel,2016-12-01,3,39,75.0,1.0,High,225.0,0.0
3083,79245,City Hotel,2016-12-01,3,39,75.0,1.0,High,225.0,0.0
3084,79246,City Hotel,2016-12-01,3,39,75.0,1.0,High,225.0,0.0
3085,79247,City Hotel,2016-12-01,3,39,75.0,1.0,High,225.0,0.0
3086,79248,City Hotel,2016-12-01,3,39,75.0,1.0,High,225.0,0.0
3087,79249,City Hotel,2016-12-01,3,39,75.0,1.0,High,225.0,0.0
3088,79250,City Hotel,2016-12-01,3,39,75.0,1.0,High,225.0,0.0
3089,79251,City Hotel,2016-12-01,3,39,75.0,1.0,High,225.0,0.0
3090,79252,City Hotel,2016-12-01,3,39,75.0,1.0,High,225.0,0.0
3091,79253,City Hotel,2016-12-01,3,39,75.0,1.0,High,225.0,0.0
3092,79254,City Hotel,2016-12-01,3,39,75.0,1.0,High,225.0,0.0
3093,79255,City Hotel,2016-12-01,3,39,75.0,1.0,High,225.0,0.0
3094,79256,City Hotel,2016-12-01,3,39,75.0,1.0,High,225.0,0.0
3095,79257,City Hotel,2016-12-01,3,39,75.0,1.0,High,225.0,0.0
3096,79258,City Hotel,2016-12-01,3,39,75.0,1.0,High,225.0,0.0
3097,79259,City Hotel,2016-12-01,3,39,75.0,1.0,High,225.0,0.0
3098,79260,City Hotel,2016-12-01,3,39,75.0,1.0,High,225.0,0.0
3099,79403,City Hotel,2016-01-27,2,45,70.0,1.0,High,140.0,0.0
3100,79404,City Hotel,2016-01-27,2,45,70.0,1.0,High,140.0,0.0
3101,79405,City Hotel,2016-01-27,2,45,70.0,1.0,High,140.0,0.0
3102,79406,City Hotel,2016-01-27,2,45,70.0,1.0,High,140.0,0.0
3103,79407,City Hotel,2016-01-27,2,45,70.0,1.0,High,140.0,0.0
3104,79408,City Hotel,2016-01-27,2,45,70.0,1.0,High,140.0,0.0
3105,79409,City Hotel,2016-01-27,2,45,70.0,1.0,High,140.0,0.0
3106,79410,City Hotel,2016-01-27,2,45,70.0,1.0,High,140.0,0.0
3107,79411,City Hotel,2016-01-27,2,45,70.0,1.0,High,140.0,0.0
3108,79412,City Hotel,2016-01-27,2,45,70.0,1.0,High,140.0,0.0
3109,79413,City Hotel,2016-01-27,2,45,70.0,1.0,High,140.0,0.0
3110,79414,City Hotel,2016-01-27,2,45,70.0,1.0,High,140.0,0.0
3111,79415,City Hotel,2016-01-27,2,45,70.0,1.0,High,140.0,0.0
3112,79416,City Hotel,2016-01-27,2,45,70.0,1.0,High,140.0,0.0
3113,79417,City Hotel,2016-01-27,2,45,70.0,1.0,High,140.0,0.0
3114,79418,City Hotel,2016-01-27,2,45,70.0,1.0,High,140.0,0.0
3115,79419,City Hotel,2016-01-27,2,45,70.0,1.0,High,140.0,0.0
3116,79420,City Hotel,2016-01-27,2,45,70.0,1.0,High,140.0,0.0
3117,79421,City Hotel,2016-01-27,2,45,70.0,1.0,High,140.0,0.0
3118,79422,City Hotel,2016-01-27,2,45,70.0,1.0,High,140.0,0.0
3119,79423,City Hotel,2016-01-27,2,45,70.0,1.0,High,140.0,0.0
3120,79424,City Hotel,2016-01-27,2,45,70.0,1.0,High,140.0,0.0
3121,79425,City Hotel,2016-01-27,2,45,70.0,1.0,High,140.0,0.0
3122,79426,City Hotel,2016-01-27,2,45,70.0,1.0,High,140.0,0.0
3123,79427,City Hotel,2016-01-27,2,45,70.0,1.0,High,140.0,0.0
3124,79428,City Hotel,2016-01-27,2,45,70.0,1.0,High,140.0,0.0
3125,79429,City Hotel,2016-01-27,2,45,70.0,1.0,High,140.0,0.0
3126,79430,City Hotel,2016-01-27,2,45,70.0,1.0,High,140.0,0.0
3127,79431,City Hotel,2016-01-27,2,45,70.0,1.0,High,140.0,0.0
3128,79432,City Hotel,2016-01-27,2,45,70.0,1.0,High,140.0,0.0
3129,79433,City Hotel,2016-01-27,2,45,70.0,1.0,High,140.0,0.0
3130,79434,City Hotel,2016-01-27,2,45,70.0,1.0,High,140.0,0.0
3131,79435,City Hotel,2016-01-27,2,45,70.0,1.0,High,140.0,0.0
3132,79436,City Hotel,2016-01-27,2,45,70.0,1.0,High,140.0,0.0
3133,79437,City Hotel,2016-01-27,2,45,70.0,1.0,High,140.0,0.0
3134,79438,City Hotel,2016-01-27,2,45,70.0,1.0,High,140.0,0.0
3135,79439,City Hotel,2016-01-27,2,45,70.0,1.0,High,140.0,0.0
3136,79440,City Hotel,2016-01-27,2,45,70.0,1.0,High,140.0,0.0
3137,79441,City Hotel,2016-01-27,2,45,70.0,1.0,High,140.0,0.0
3138,79442,City Hotel,2016-01-27,2,45,70.0,1.0,High,140.0,0.0
3139,79443,City Hotel,2016-01-27,2,45,70.0,1.0,High,140.0,0.0
3140,79444,City Hotel,2016-01-27,2,45,70.0,1.0,High,140.0,0.0
3141,79445,City Hotel,2016-01-27,2,45,70.0,1.0,High,140.0,0.0
3142,79446,City Hotel,2016-01-27,2,45,70.0,1.0,High,140.0,0.0
3143,79447,City Hotel,2016-01-27,2,45,70.0,1.0,High,140.0,0.0
3144,79448,City Hotel,2016-01-27,2,45,70.0,1.0,High,140.0,0.0
3145,79449,City Hotel,2016-01-27,2,45,70.0,1.0,High,140.0,0.0
3146,79450,City Hotel,2016-01-27,2,45,70.0,1.0,High,140.0,0.0
3147,79451,City Hotel,2016-01-27,2,45,70.0,1.0,High,140.0,0.0
3148,79452,City Hotel,2016-01-27,2,45,70.0,1.0,High,140.0,0.0
3149,79453,City Hotel,2016-01-27,2,45,70.0,1.0,High,140.0,0.0
3150,79454,City Hotel,2016-01-27,2,45,70.0,1.0,High,140.0,0.0
3151,79455,City Hotel,2016-01-27,2,45,70.0,1.0,High,140.0,0.0
3152,79456,City Hotel,2016-01-27,2,45,70.0,1.0,High,140.0,0.0
3153,79457,City Hotel,2016-01-27,2,45,70.0,1.0,High,140.0,0.0
3154,79458,City Hotel,2016-01-27,2,45,70.0,1.0,High,140.0,0.0
3155,79459,City Hotel,2016-01-27,2,45,70.0,1.0,High,140.0,0.0
3156,79460,City Hotel,2016-01-27,2,45,70.0,1.0,High,140.0,0.0
3157,79461,City Hotel,2016-01-27,2,45,70.0,1.0,High,140.0,0.0
3158,79462,City Hotel,2016-01-27,2,45,70.0,1.0,High,140.0,0.0
3159,79463,City Hotel,2016-01-27,2,45,70.0,1.0,High,140.0,0.0
3160,79464,City Hotel,2016-01-27,2,45,70.0,1.0,High,140.0,0.0
3161,79465,City Hotel,2016-01-27,2,45,70.0,1.0,High,140.0,0.0
3162,79466,City Hotel,2016-01-27,2,45,70.0,1.0,High,140.0,0.0
3163,79467,City Hotel,2016-01-27,2,45,70.0,1.0,High,140.0,0.0
3164,79724,City Hotel,2016-09-30,3,17,90.0,1.0,High,270.0,0.0
3165,79725,City Hotel,2016-09-30,3,17,90.0,1.0,High,270.0,0.0
3166,79726,City Hotel,2016-09-30,3,17,90.0,1.0,High,270.0,0.0
3167,79727,City Hotel,2016-09-30,3,17,90.0,1.0,High,270.0,0.0
3168,79728,City Hotel,2016-09-30,3,17,90.0,1.0,High,270.0,0.0
3169,79729,City Hotel,2016-09-30,3,17,90.0,1.0,High,270.0,0.0
3170,79730,City Hotel,2016-09-30,3,17,90.0,1.0,High,270.0,0.0
3171,79731,City Hotel,2016-09-30,3,17,90.0,1.0,High,270.0,0.0
3172,80078,City Hotel,2016-09-20,2,19,90.0,1.0,High,180.0,0.0
3173,80079,City Hotel,2016-09-20,2,19,90.0,1.0,High,180.0,0.0
3174,80080,City Hotel,2016-09-20,2,19,90.0,1.0,High,180.0,0.0
3175,80081,City Hotel,2016-09-20,2,19,90.0,1.0,High,180.0,0.0
3176,80082,City Hotel,2016-09-20,2,19,90.0,1.0,High,180.0,0.0
3177,80083,City Hotel,2016-09-20,2,19,90.0,1.0,High,180.0,0.0
3178,80084,City Hotel,2016-09-20,2,19,90.0,1.0,High,180.0,0.0
3179,80085,City Hotel,2016-09-20,2,19,90.0,1.0,High,180.0,0.0
3180,80086,City Hotel,2016-09-20,2,19,90.0,1.0,High,180.0,0.0
3181,80087,City Hotel,2016-09-20,2,19,90.0,1.0,High,180.0,0.0
3182,80088,City Hotel,2016-09-20,2,19,90.0,1.0,High,180.0,0.0
3183,80089,City Hotel,2016-09-20,2,19,90.0,1.0,High,180.0,0.0
3184,80090,City Hotel,2016-09-20,2,19,90.0,1.0,High,180.0,0.0
3185,80091,City Hotel,2016-09-20,2,19,90.0,1.0,High,180.0,0.0
3186,80092,City Hotel,2016-09-20,2,19,90.0,1.0,High,180.0,0.0
3187,80093,City Hotel,2016-09-20,2,19,90.0,1.0,High,180.0,0.0
3188,80094,City Hotel,2016-09-20,2,19,90.0,1.0,High,180.0,0.0
3189,80095,City Hotel,2016-09-20,2,19,90.0,1.0,High,180.0,0.0
3190,80096,City Hotel,2016-09-20,2,19,90.0,1.0,High,180.0,0.0
3191,80097,City Hotel,2016-09-20,2,19,90.0,1.0,High,180.0,0.0
3192,80098,City Hotel,2016-09-20,2,19,90.0,1.0,High,180.0,0.0
3193,80099,City Hotel,2016-09-20,2,19,90.0,1.0,High,180.0,0.0
3194,80100,City Hotel,2016-09-20,2,19,90.0,1.0,High,180.0,0.0
3195,80101,City Hotel,2016-09-20,2,19,90.0,1.0,High,180.0,0.0
3196,80102,City Hotel,2016-09-20,2,19,90.0,1.0,High,180.0,0.0
3197,80103,City Hotel,2016-09-20,2,19,80.0,1.0,High,160.0,0.0
3198,80104,City Hotel,2016-09-20,2,19,80.0,1.0,High,160.0,0.0
3199,80105,City Hotel,2016-09-20,2,19,80.0,1.0,High,160.0,0.0
3200,80106,City Hotel,2016-09-20,2,19,80.0,1.0,High,160.0,0.0
3201,80107,City Hotel,2016-09-20,2,19,80.0,1.0,High,160.0,0.0
3202,80496,City Hotel,2016-06-10,3,15,80.0,1.0,High,240.0,0.0
3203,80497,City Hotel,2016-06-10,3,15,80.0,1.0,High,240.0,0.0
3204,80498,City Hotel,2016-06-10,3,15,80.0,1.0,High,240.0,0.0
3205,80499,City Hotel,2016-06-10,3,15,80.0,1.0,High,240.0,0.0
3206,80500,City Hotel,2016-06-10,3,15,80.0,1.0,High,240.0,0.0
3207,80501,City Hotel,2016-06-10,3,15,80.0,1.0,High,240.0,0.0
3208,80502,City Hotel,2016-06-10,3,15,80.0,1.0,High,240.0,0.0
3209,80503,City Hotel,2016-06-10,3,15,80.0,1.0,High,240.0,0.0
3210,80504,City Hotel,2016-06-10,3,15,80.0,1.0,High,240.0,0.0
3211,80505,City Hotel,2016-06-10,3,15,80.0,1.0,High,240.0,0.0
3212,80506,City Hotel,2016-06-10,3,15,80.0,1.0,High,240.0,0.0
3213,80507,City Hotel,2016-06-10,3,15,80.0,1.0,High,240.0,0.0
3214,80508,City Hotel,2016-06-10,3,15,80.0,1.0,High,240.0,0.0
3215,80509,City Hotel,2016-06-10,3,15,80.0,1.0,High,240.0,0.0
3216,80510,City Hotel,2016-06-10,3,15,80.0,1.0,High,240.0,0.0
3217,80511,City Hotel,2016-06-10,3,15,80.0,1.0,High,240.0,0.0
3218,80512,City Hotel,2016-06-10,3,15,80.0,1.0,High,240.0,0.0
3219,80513,City Hotel,2016-06-10,3,15,80.0,1.0,High,240.0,0.0
3220,80514,City Hotel,2016-06-10,3,15,80.0,1.0,High,240.0,0.0
3221,80515,City Hotel,2016-06-10,3,15,80.0,1.0,High,240.0,0.0
3222,80516,City Hotel,2016-06-10,3,15,80.0,1.0,High,240.0,0.0
3223,80763,City Hotel,2016-04-13,1,38,125.0,1.0,High,125.0,0.0
3224,80764,City Hotel,2016-04-13,1,38,125.0,1.0,High,125.0,0.0
3225,80765,City Hotel,2016-04-13,1,38,125.0,1.0,High,125.0,0.0
3226,80766,City Hotel,2016-04-13,1,38,125.0,1.0,High,125.0,0.0
3227,80767,City Hotel,2016-04-13,1,38,125.0,1.0,High,125.0,0.0
3228,80768,City Hotel,2016-04-13,1,38,125.0,1.0,High,125.0,0.0
3229,80769,City Hotel,2016-04-13,1,38,125.0,1.0,High,125.0,0.0
3230,80770,City Hotel,2016-04-13,1,38,125.0,1.0,High,125.0,0.0
3231,80771,City Hotel,2016-04-13,1,38,125.0,1.0,High,125.0,0.0
3232,80772,City Hotel,2016-04-13,1,38,125.0,1.0,High,125.0,0.0
3233,80773,City Hotel,2016-04-13,1,38,125.0,1.0,High,125.0,0.0
3234,80774,City Hotel,2016-04-13,1,38,125.0,1.0,High,125.0,0.0
3235,80775,City Hotel,2016-04-13,1,38,125.0,1.0,High,125.0,0.0
3236,80776,City Hotel,2016-04-13,1,38,125.0,1.0,High,125.0,0.0
3237,80777,City Hotel,2016-04-13,1,38,125.0,1.0,High,125.0,0.0
3238,80778,City Hotel,2016-04-13,1,38,125.0,1.0,High,125.0,0.0
3239,80779,City Hotel,2016-04-13,1,38,125.0,1.0,High,125.0,0.0
3240,80780,City Hotel,2016-04-13,1,38,125.0,1.0,High,125.0,0.0
3241,81000,City Hotel,2016-01-22,1,35,85.0,1.0,High,85.0,0.0
3242,81001,City Hotel,2016-01-22,1,35,85.0,1.0,High,85.0,0.0
3243,81002,City Hotel,2016-01-22,1,35,85.0,1.0,High,85.0,0.0
3244,81003,City Hotel,2016-01-22,1,35,85.0,1.0,High,85.0,0.0
3245,81004,City Hotel,2016-01-22,1,35,85.0,1.0,High,85.0,0.0
3246,81005,City Hotel,2016-01-22,1,35,85.0,1.0,High,85.0,0.0
3247,81006,City Hotel,2016-01-22,1,35,85.0,1.0,High,85.0,0.0
3248,81007,City Hotel,2016-01-22,1,35,85.0,1.0,High,85.0,0.0
3249,81008,City Hotel,2016-01-22,1,35,85.0,1.0,High,85.0,0.0
3250,81009,City Hotel,2016-01-22,1,35,85.0,1.0,High,85.0,0.0
3251,81010,City Hotel,2016-01-22,1,35,85.0,1.0,High,85.0,0.0
3252,81011,City Hotel,2016-01-22,1,35,85.0,1.0,High,85.0,0.0
3253,81012,City Hotel,2016-01-22,1,35,85.0,1.0,High,85.0,0.0
3254,81013,City Hotel,2016-01-22,1,35,85.0,1.0,High,85.0,0.0
3255,81014,City Hotel,2016-01-22,1,35,85.0,1.0,High,85.0,0.0
3256,81015,City Hotel,2016-01-22,1,35,85.0,1.0,High,85.0,0.0
3257,81016,City Hotel,2016-01-22,1,35,85.0,1.0,High,85.0,0.0
3258,81017,City Hotel,2016-01-22,1,35,85.0,1.0,High,85.0,0.0
3259,81018,City Hotel,2016-01-22,1,35,85.0,1.0,High,85.0,0.0
3260,81019,City Hotel,2016-01-22,1,35,85.0,1.0,High,85.0,0.0
3261,81020,City Hotel,2016-01-22,1,35,85.0,1.0,High,85.0,0.0
3262,81021,City Hotel,2016-01-22,1,35,85.0,1.0,High,85.0,0.0
3263,81022,City Hotel,2016-01-22,1,35,85.0,1.0,High,85.0,0.0
3264,81023,City Hotel,2016-01-22,1,35,85.0,1.0,High,85.0,0.0
3265,81024,City Hotel,2016-01-22,1,35,85.0,1.0,High,85.0,0.0
3266,81025,City Hotel,2016-01-22,1,35,85.0,1.0,High,85.0,0.0
3267,81026,City Hotel,2016-01-22,1,35,85.0,1.0,High,85.0,0.0
3268,81027,City Hotel,2016-01-22,1,35,85.0,1.0,High,85.0,0.0
3269,81028,City Hotel,2016-01-22,1,35,85.0,1.0,High,85.0,0.0
3270,81029,City Hotel,2016-01-22,1,35,85.0,1.0,High,85.0,0.0
3271,81030,City Hotel,2016-01-22,1,35,85.0,1.0,High,85.0,0.0
3272,81031,City Hotel,2016-01-22,1,35,85.0,1.0,High,85.0,0.0
3273,81032,City Hotel,2016-01-22,1,35,85.0,1.0,High,85.0,0.0
3274,81033,City Hotel,2016-01-22,1,35,85.0,1.0,High,85.0,0.0
3275,81034,City Hotel,2016-01-22,1,35,85.0,1.0,High,85.0,0.0
3276,81035,City Hotel,2016-01-22,1,35,85.0,1.0,High,85.0,0.0
3277,81036,City Hotel,2016-01-22,1,35,85.0,1.0,High,85.0,0.0
3278,81037,City Hotel,2016-01-22,1,35,85.0,1.0,High,85.0,0.0
3279,81038,City Hotel,2016-01-22,1,35,85.0,1.0,High,85.0,0.0
3280,81039,City Hotel,2016-01-22,1,35,85.0,1.0,High,85.0,0.0
3281,81040,City Hotel,2016-01-22,1,35,85.0,1.0,High,85.0,0.0
3282,81041,City Hotel,2016-01-22,1,35,85.0,1.0,High,85.0,0.0
3283,81042,City Hotel,2016-01-22,1,35,85.0,1.0,High,85.0,0.0
3284,81043,City Hotel,2016-01-22,1,35,85.0,1.0,High,85.0,0.0
3285,81044,City Hotel,2016-01-22,1,35,85.0,1.0,High,85.0,0.0
3286,81045,City Hotel,2016-01-22,1,35,75.0,1.0,High,75.0,0.0
3287,81046,City Hotel,2016-01-22,1,35,75.0,1.0,High,75.0,0.0
3288,81047,City Hotel,2016-01-22,1,35,75.0,1.0,High,75.0,0.0
3289,81048,City Hotel,2016-01-22,1,35,75.0,1.0,High,75.0,0.0
3290,81049,City Hotel,2016-01-22,1,35,75.0,1.0,High,75.0,0.0
3291,81050,City Hotel,2016-01-22,1,35,75.0,1.0,High,75.0,0.0
3292,81051,City Hotel,2016-01-22,1,35,75.0,1.0,High,75.0,0.0
3293,81052,City Hotel,2016-01-22,1,35,75.0,1.0,High,75.0,0.0
3294,81053,City Hotel,2016-01-22,1,35,75.0,1.0,High,75.0,0.0
3295,81054,City Hotel,2016-01-22,1,35,75.0,1.0,High,75.0,0.0
3296,81115,City Hotel,2016-03-30,3,28,80.0,1.0,High,240.0,0.0
3297,81116,City Hotel,2016-03-30,3,28,80.0,1.0,High,240.0,0.0
3298,81117,City Hotel,2016-03-30,3,28,80.0,1.0,High,240.0,0.0
3299,81118,City Hotel,2016-03-30,3,28,80.0,1.0,High,240.0,0.0
3300,81119,City Hotel,2016-03-30,3,28,80.0,1.0,High,240.0,0.0
3301,81120,City Hotel,2016-03-30,3,28,80.0,1.0,High,240.0,0.0
3302,81121,City Hotel,2016-03-30,3,28,80.0,1.0,High,240.0,0.0
3303,81122,City Hotel,2016-03-30,3,28,80.0,1.0,High,240.0,0.0
3304,81123,City Hotel,2016-03-30,3,28,80.0,1.0,High,240.0,0.0
3305,81124,City Hotel,2016-03-30,3,28,80.0,1.0,High,240.0,0.0
3306,81125,City Hotel,2016-03-30,3,28,80.0,1.0,High,240.0,0.0
3307,81126,City Hotel,2016-03-30,3,28,80.0,1.0,High,240.0,0.0
3308,81127,City Hotel,2016-03-30,3,28,80.0,1.0,High,240.0,0.0
3309,81128,City Hotel,2016-03-30,3,28,80.0,1.0,High,240.0,0.0
3310,81129,City Hotel,2016-03-30,3,28,80.0,1.0,High,240.0,0.0
3311,81130,City Hotel,2016-03-30,3,28,80.0,1.0,High,240.0,0.0
3312,81131,City Hotel,2016-03-30,3,28,80.0,1.0,High,240.0,0.0
3313,81132,City Hotel,2016-03-30,3,28,80.0,1.0,High,240.0,0.0
3314,81133,City Hotel,2016-03-30,3,28,80.0,1.0,High,240.0,0.0
3315,81134,City Hotel,2016-03-30,3,28,80.0,1.0,High,240.0,0.0
3316,81549,City Hotel,2016-06-14,2,40,135.0,1.0,High,270.0,0.0
3317,81550,City Hotel,2016-06-14,2,40,135.0,1.0,High,270.0,0.0
3318,81551,City Hotel,2016-06-14,2,40,135.0,1.0,High,270.0,0.0
3319,81552,City Hotel,2016-06-14,2,40,135.0,1.0,High,270.0,0.0
3320,81553,City Hotel,2016-06-14,2,40,135.0,1.0,High,270.0,0.0
3321,81554,City Hotel,2016-06-14,2,40,135.0,1.0,High,270.0,0.0
3322,81555,City Hotel,2016-06-14,2,40,135.0,1.0,High,270.0,0.0
3323,81556,City Hotel,2016-06-14,2,40,135.0,1.0,High,270.0,0.0
3324,81557,City Hotel,2016-06-14,2,40,135.0,1.0,High,270.0,0.0
3325,81558,City Hotel,2016-06-14,2,40,135.0,1.0,High,270.0,0.0
3326,81559,City Hotel,2016-06-14,2,40,135.0,1.0,High,270.0,0.0
3327,81560,City Hotel,2016-06-14,2,40,135.0,1.0,High,270.0,0.0
3328,81561,City Hotel,2016-06-14,2,40,135.0,1.0,High,270.0,0.0
3329,81562,City Hotel,2016-06-14,2,40,135.0,1.0,High,270.0,0.0
3330,81563,City Hotel,2016-06-14,2,40,135.0,1.0,High,270.0,0.0
3331,81564,City Hotel,2016-06-14,2,40,135.0,1.0,High,270.0,0.0
3332,81565,City Hotel,2016-06-14,2,40,135.0,1.0,High,270.0,0.0
3333,81566,City Hotel,2016-05-12,3,42,135.0,1.0,High,405.0,0.0
3334,81567,City Hotel,2016-05-12,3,42,135.0,1.0,High,405.0,0.0
3335,81568,City Hotel,2016-05-12,3,42,135.0,1.0,High,405.0,0.0
3336,81569,City Hotel,2016-05-12,3,42,135.0,1.0,High,405.0,0.0
3337,81570,City Hotel,2016-05-12,3,42,135.0,1.0,High,405.0,0.0
3338,81571,City Hotel,2016-05-12,3,42,135.0,1.0,High,405.0,0.0
3339,81572,City Hotel,2016-05-12,3,42,135.0,1.0,High,405.0,0.0
3340,81573,City Hotel,2016-05-12,3,42,135.0,1.0,High,405.0,0.0
3341,81574,City Hotel,2016-05-12,3,42,135.0,1.0,High,405.0,0.0
3342,81575,City Hotel,2016-05-12,3,42,135.0,1.0,High,405.0,0.0
3343,81580,City Hotel,2016-06-03,3,25,80.0,1.0,High,240.0,0.0
3344,81581,City Hotel,2016-06-03,3,25,80.0,1.0,High,240.0,0.0
3345,81582,City Hotel,2016-06-03,3,25,80.0,1.0,High,240.0,0.0
3346,81583,City Hotel,2016-06-03,3,25,80.0,1.0,High,240.0,0.0
3347,81584,City Hotel,2016-06-03,3,25,80.0,1.0,High,240.0,0.0
3348,81585,City Hotel,2016-06-03,3,25,80.0,1.0,High,240.0,0.0
3349,81586,City Hotel,2016-06-03,3,25,80.0,1.0,High,240.0,0.0
3350,81587,City Hotel,2016-06-03,3,25,80.0,1.0,High,240.0,0.0
3351,81588,City Hotel,2016-06-03,3,25,80.0,1.0,High,240.0,0.0
3352,81589,City Hotel,2016-06-03,3,25,80.0,1.0,High,240.0,0.0
3353,81590,City Hotel,2016-06-03,3,25,80.0,1.0,High,240.0,0.0
3354,81591,City Hotel,2016-06-03,3,25,80.0,1.0,High,240.0,0.0
3355,81592,City Hotel,2016-06-03,3,25,80.0,1.0,High,240.0,0.0
3356,81593,City Hotel,2016-06-03,3,25,80.0,1.0,High,240.0,0.0
3357,81594,City Hotel,2016-06-03,3,25,80.0,1.0,High,240.0,0.0
3358,81595,City Hotel,2016-06-03,3,25,80.0,1.0,High,240.0,0.0
3359,81614,City Hotel,2016-04-13,4,10,100.0,1.0,High,400.0,0.0
3360,81615,City Hotel,2016-04-13,4,10,100.0,1.0,High,400.0,0.0
3361,81616,City Hotel,2016-04-13,4,10,100.0,1.0,High,400.0,0.0
3362,81617,City Hotel,2016-04-13,4,10,100.0,1.0,High,400.0,0.0
3363,81618,City Hotel,2016-04-13,4,10,100.0,1.0,High,400.0,0.0
3364,81619,City Hotel,2016-04-13,4,10,100.0,1.0,High,400.0,0.0
3365,81620,City Hotel,2016-04-13,4,10,100.0,1.0,High,400.0,0.0
3366,81621,City Hotel,2016-04-13,4,10,100.0,1.0,High,400.0,0.0
3367,81622,City Hotel,2016-04-13,4,10,100.0,1.0,High,400.0,0.0
3368,81623,City Hotel,2016-04-13,4,10,100.0,1.0,High,400.0,0.0
3369,81624,City Hotel,2016-04-13,4,10,100.0,1.0,High,400.0,0.0
3370,81625,City Hotel,2016-04-13,4,10,100.0,1.0,High,400.0,0.0
3371,81626,City Hotel,2016-04-13,4,10,100.0,1.0,High,400.0,0.0
3372,81627,City Hotel,2016-04-13,4,10,100.0,1.0,High,400.0,0.0
3373,81628,City Hotel,2016-04-13,4,10,100.0,1.0,High,400.0,0.0
3374,81629,City Hotel,2016-04-13,4,10,100.0,1.0,High,400.0,0.0
3375,81630,City Hotel,2016-04-13,4,10,100.0,1.0,High,400.0,0.0
3376,81631,City Hotel,2016-04-13,4,10,100.0,1.0,High,400.0,0.0
3377,81632,City Hotel,2016-04-13,4,10,100.0,1.0,High,400.0,0.0
3378,81633,City Hotel,2016-04-13,4,10,100.0,1.0,High,400.0,0.0
3379,81634,City Hotel,2016-04-13,4,10,100.0,1.0,High,400.0,0.0
3380,81635,City Hotel,2016-04-13,4,10,100.0,1.0,High,400.0,0.0
3381,81636,City Hotel,2016-04-13,4,10,100.0,1.0,High,400.0,0.0
3382,81637,City Hotel,2016-04-13,4,10,100.0,1.0,High,400.0,0.0
3383,81638,City Hotel,2016-04-13,4,10,100.0,1.0,High,400.0,0.0
3384,81663,City Hotel,2016-04-27,4,50,75.0,1.0,High,300.0,0.0
3385,81664,City Hotel,2016-04-27,4,50,75.0,1.0,High,300.0,0.0
3386,81665,City Hotel,2016-04-27,4,50,75.0,1.0,High,300.0,0.0
3387,81666,City Hotel,2016-04-27,4,50,75.0,1.0,High,300.0,0.0
3388,81667,City Hotel,2016-04-27,4,50,75.0,1.0,High,300.0,0.0
3389,81668,City Hotel,2016-04-27,4,50,75.0,1.0,High,300.0,0.0
3390,81669,City Hotel,2016-04-27,4,50,75.0,1.0,High,300.0,0.0
3391,81670,City Hotel,2016-04-27,4,50,75.0,1.0,High,300.0,0.0
3392,81671,City Hotel,2016-04-27,4,50,75.0,1.0,High,300.0,0.0
3393,81672,City Hotel,2016-04-27,4,50,75.0,1.0,High,300.0,0.0
3394,81673,City Hotel,2016-04-27,4,50,75.0,1.0,High,300.0,0.0
3395,81674,City Hotel,2016-04-27,4,50,75.0,1.0,High,300.0,0.0
3396,81675,City Hotel,2016-04-27,4,50,75.0,1.0,High,300.0,0.0
3397,81676,City Hotel,2016-04-27,4,50,75.0,1.0,High,300.0,0.0
3398,81677,City Hotel,2016-04-27,4,50,75.0,1.0,High,300.0,0.0
3399,81678,City Hotel,2016-04-27,4,50,75.0,1.0,High,300.0,0.0
3400,81679,City Hotel,2016-04-27,4,50,75.0,1.0,High,300.0,0.0
3401,81680,City Hotel,2016-04-27,4,50,75.0,1.0,High,300.0,0.0
3402,81681,City Hotel,2016-04-27,4,50,75.0,1.0,High,300.0,0.0
3403,81682,City Hotel,2016-04-27,4,50,75.0,1.0,High,300.0,0.0
3404,81702,City Hotel,2016-02-21,3,44,75.0,1.0,High,225.0,0.0
3405,81703,City Hotel,2016-02-21,3,44,75.0,1.0,High,225.0,0.0
3406,81704,City Hotel,2016-02-21,3,44,75.0,1.0,High,225.0,0.0
3407,81705,City Hotel,2016-02-21,3,44,75.0,1.0,High,225.0,0.0
3408,81706,City Hotel,2016-02-21,3,44,75.0,1.0,High,225.0,0.0
3409,81707,City Hotel,2016-02-21,3,44,75.0,1.0,High,225.0,0.0
3410,81708,City Hotel,2016-02-21,3,44,75.0,1.0,High,225.0,0.0
3411,81709,City Hotel,2016-02-21,3,44,75.0,1.0,High,225.0,0.0
3412,81710,City Hotel,2016-02-21,3,44,75.0,1.0,High,225.0,0.0
3413,81711,City Hotel,2016-02-21,3,44,75.0,1.0,High,225.0,0.0
3414,81712,City Hotel,2016-02-21,3,44,75.0,1.0,High,225.0,0.0
3415,81713,City Hotel,2016-02-21,3,44,75.0,1.0,High,225.0,0.0
3416,81714,City Hotel,2016-02-21,3,44,75.0,1.0,High,225.0,0.0
3417,81715,City Hotel,2016-02-21,3,44,75.0,1.0,High,225.0,0.0
3418,81716,City Hotel,2016-02-21,3,44,75.0,1.0,High,225.0,0.0
3419,81717,City Hotel,2016-02-21,3,44,75.0,1.0,High,225.0,0.0
3420,81718,City Hotel,2016-02-21,3,44,75.0,1.0,High,225.0,0.0
3421,81719,City Hotel,2016-02-21,3,44,75.0,1.0,High,225.0,0.0
3422,81720,City Hotel,2016-02-21,3,44,75.0,1.0,High,225.0,0.0
3423,81721,City Hotel,2016-02-21,3,44,75.0,1.0,High,225.0,0.0
3424,81722,City Hotel,2016-02-21,3,44,75.0,1.0,High,225.0,0.0
3425,81723,City Hotel,2016-02-21,3,44,75.0,1.0,High,225.0,0.0
3426,81724,City Hotel,2016-02-21,3,44,75.0,1.0,High,225.0,0.0
3427,81725,City Hotel,2016-02-21,3,44,75.0,1.0,High,225.0,0.0
3428,81726,City Hotel,2016-02-21,3,44,75.0,1.0,High,225.0,0.0
3429,81727,City Hotel,2016-02-21,3,44,75.0,1.0,High,225.0,0.0
3430,81728,City Hotel,2016-02-21,3,44,75.0,1.0,High,225.0,0.0
3431,81729,City Hotel,2016-02-21,3,44,75.0,1.0,High,225.0,0.0
3432,81730,City Hotel,2016-02-21,3,44,75.0,1.0,High,225.0,0.0
3433,81731,City Hotel,2016-02-21,3,44,75.0,1.0,High,225.0,0.0
3434,81732,City Hotel,2016-02-21,3,44,75.0,1.0,High,225.0,0.0
3435,81733,City Hotel,2016-02-21,3,44,75.0,1.0,High,225.0,0.0
3436,81734,City Hotel,2016-02-21,3,44,75.0,1.0,High,225.0,0.0
3437,81735,City Hotel,2016-02-21,3,44,75.0,1.0,High,225.0,0.0
3438,81736,City Hotel,2016-02-21,3,44,75.0,1.0,High,225.0,0.0
3439,81737,City Hotel,2016-02-21,3,44,75.0,1.0,High,225.0,0.0
3440,81738,City Hotel,2016-02-21,3,44,75.0,1.0,High,225.0,0.0
3441,81739,City Hotel,2016-02-21,3,44,75.0,1.0,High,225.0,0.0
3442,81740,City Hotel,2016-02-21,3,44,75.0,1.0,High,225.0,0.0
3443,81741,City Hotel,2016-02-21,3,44,75.0,1.0,High,225.0,0.0
3444,81782,City Hotel,2016-02-29,3,44,75.0,1.0,High,225.0,0.0
3445,81783,City Hotel,2016-02-29,3,44,75.0,1.0,High,225.0,0.0
3446,81784,City Hotel,2016-02-29,3,44,75.0,1.0,High,225.0,0.0
3447,81785,City Hotel,2016-02-29,3,44,75.0,1.0,High,225.0,0.0
3448,81786,City Hotel,2016-02-29,3,44,75.0,1.0,High,225.0,0.0
3449,81787,City Hotel,2016-02-29,3,44,75.0,1.0,High,225.0,0.0
3450,81788,City Hotel,2016-02-29,3,44,75.0,1.0,High,225.0,0.0
3451,81789,City Hotel,2016-02-29,3,44,75.0,1.0,High,225.0,0.0
3452,81790,City Hotel,2016-02-29,3,44,75.0,1.0,High,225.0,0.0
3453,81791,City Hotel,2016-02-29,3,44,75.0,1.0,High,225.0,0.0
3454,81792,City Hotel,2016-02-29,3,44,75.0,1.0,High,225.0,0.0
3455,81793,City Hotel,2016-02-29,3,44,75.0,1.0,High,225.0,0.0
3456,81794,City Hotel,2016-02-29,3,44,75.0,1.0,High,225.0,0.0
3457,81795,City Hotel,2016-02-29,3,44,75.0,1.0,High,225.0,0.0
3458,81796,City Hotel,2016-02-29,3,44,75.0,1.0,High,225.0,0.0
3459,81797,City Hotel,2016-02-29,3,44,75.0,1.0,High,225.0,0.0
3460,81798,City Hotel,2016-02-29,3,44,75.0,1.0,High,225.0,0.0
3461,81799,City Hotel,2016-02-29,3,44,75.0,1.0,High,225.0,0.0
3462,81800,City Hotel,2016-02-29,3,44,75.0,1.0,High,225.0,0.0
3463,81801,City Hotel,2016-02-29,3,44,75.0,1.0,High,225.0,0.0
3464,81802,City Hotel,2016-02-29,3,44,75.0,1.0,High,225.0,0.0
3465,81803,City Hotel,2016-02-29,3,44,75.0,1.0,High,225.0,0.0
3466,81804,City Hotel,2016-02-29,3,44,75.0,1.0,High,225.0,0.0
3467,81805,City Hotel,2016-02-29,3,44,75.0,1.0,High,225.0,0.0
3468,81806,City Hotel,2016-02-29,3,44,75.0,1.0,High,225.0,0.0
3469,81807,City Hotel,2016-02-29,3,44,75.0,1.0,High,225.0,0.0
3470,81808,City Hotel,2016-02-29,3,44,75.0,1.0,High,225.0,0.0
3471,81809,City Hotel,2016-02-29,3,44,75.0,1.0,High,225.0,0.0
3472,81810,City Hotel,2016-05-31,3,46,115.0,1.0,High,345.0,0.0
3473,81811,City Hotel,2016-05-31,3,46,115.0,1.0,High,345.0,0.0
3474,81812,City Hotel,2016-05-31,3,46,115.0,1.0,High,345.0,0.0
3475,81813,City Hotel,2016-05-31,3,46,115.0,1.0,High,345.0,0.0
3476,81814,City Hotel,2016-05-31,3,46,115.0,1.0,High,345.0,0.0
3477,81815,City Hotel,2016-05-31,3,46,115.0,1.0,High,345.0,0.0
3478,81816,City Hotel,2016-05-31,3,46,115.0,1.0,High,345.0,0.0
3479,81817,City Hotel,2016-05-31,3,46,115.0,1.0,High,345.0,0.0
3480,81818,City Hotel,2016-05-31,3,46,115.0,1.0,High,345.0,0.0
3481,81819,City Hotel,2016-05-31,3,46,115.0,1.0,High,345.0,0.0
3482,81820,City Hotel,2016-05-31,3,46,115.0,1.0,High,345.0,0.0
3483,81821,City Hotel,2016-05-31,3,46,115.0,1.0,High,345.0,0.0
3484,81884,City Hotel,2016-04-28,3,46,120.0,1.0,High,360.0,0.0
3485,81885,City Hotel,2016-04-28,3,46,120.0,1.0,High,360.0,0.0
3486,81886,City Hotel,2016-04-28,3,46,120.0,1.0,High,360.0,0.0
3487,81887,City Hotel,2016-04-28,3,46,120.0,1.0,High,360.0,0.0
3488,81888,City Hotel,2016-04-28,3,46,120.0,1.0,High,360.0,0.0
3489,81889,City Hotel,2016-04-28,3,46,120.0,1.0,High,360.0,0.0
3490,81890,City Hotel,2016-04-28,3,46,120.0,1.0,High,360.0,0.0
3491,81891,City Hotel,2016-04-28,3,46,120.0,1.0,High,360.0,0.0
3492,81892,City Hotel,2016-04-28,3,46,120.0,1.0,High,360.0,0.0
3493,81893,City Hotel,2016-04-28,3,46,120.0,1.0,High,360.0,0.0
3494,81894,City Hotel,2016-04-28,3,46,120.0,1.0,High,360.0,0.0
3495,81895,City Hotel,2016-04-28,3,46,120.0,1.0,High,360.0,0.0
3496,81896,City Hotel,2016-04-28,3,46,120.0,1.0,High,360.0,0.0
3497,81897,City Hotel,2016-04-28,3,46,120.0,1.0,High,360.0,0.0
3498,81898,City Hotel,2016-04-28,3,46,120.0,1.0,High,360.0,0.0
3499,81899,City Hotel,2016-05-05,6,42,90.0,1.0,High,540.0,0.0
3500,81900,City Hotel,2016-05-05,6,42,90.0,1.0,High,540.0,0.0
3501,81901,City Hotel,2016-05-05,6,42,90.0,1.0,High,540.0,0.0
3502,81902,City Hotel,2016-05-05,6,42,90.0,1.0,High,540.0,0.0
3503,81903,City Hotel,2016-05-05,6,42,90.0,1.0,High,540.0,0.0
3504,81904,City Hotel,2016-05-05,6,42,90.0,1.0,High,540.0,0.0
3505,81905,City Hotel,2016-05-05,6,42,90.0,1.0,High,540.0,0.0
3506,81906,City Hotel,2016-05-05,6,42,90.0,1.0,High,540.0,0.0
3507,81907,City Hotel,2016-05-05,6,42,90.0,1.0,High,540.0,0.0
3508,81908,City Hotel,2016-05-05,6,42,90.0,1.0,High,540.0,0.0
3509,81909,City Hotel,2016-05-05,6,42,90.0,1.0,High,540.0,0.0
3510,81910,City Hotel,2016-05-05,6,42,90.0,1.0,High,540.0,0.0
3511,81911,City Hotel,2016-05-05,6,42,90.0,1.0,High,540.0,0.0
3512,81912,City Hotel,2016-05-05,6,42,90.0,1.0,High,540.0,0.0
3513,81913,City Hotel,2016-05-05,6,42,90.0,1.0,High,540.0,0.0
3514,81914,City Hotel,2016-05-05,6,42,90.0,1.0,High,540.0,0.0
3515,81915,City Hotel,2016-05-05,6,42,90.0,1.0,High,540.0,0.0
3516,81916,City Hotel,2016-05-05,6,42,90.0,1.0,High,540.0,0.0
3517,81917,City Hotel,2016-05-05,6,42,90.0,1.0,High,540.0,0.0
3518,81918,City Hotel,2016-05-05,6,42,90.0,1.0,High,540.0,0.0
3519,81944,City Hotel,2016-08-05,1,41,65.0,1.0,High,65.0,0.0
3520,81945,City Hotel,2016-08-05,1,41,65.0,1.0,High,65.0,0.0
3521,81946,City Hotel,2016-08-05,1,41,65.0,1.0,High,65.0,0.0
3522,81947,City Hotel,2016-08-05,1,41,65.0,1.0,High,65.0,0.0
3523,81948,City Hotel,2016-08-05,1,41,65.0,1.0,High,65.0,0.0
3524,81949,City Hotel,2016-08-05,1,41,65.0,1.0,High,65.0,0.0
3525,81950,City Hotel,2016-08-05,1,41,65.0,1.0,High,65.0,0.0
3526,81951,City Hotel,2016-08-05,1,41,65.0,1.0,High,65.0,0.0
3527,81952,City Hotel,2016-08-05,1,41,65.0,1.0,High,65.0,0.0
3528,81953,City Hotel,2016-08-05,1,41,65.0,1.0,High,65.0,0.0
3529,81954,City Hotel,2016-08-05,1,41,65.0,1.0,High,65.0,0.0
3530,81955,City Hotel,2016-08-05,1,41,65.0,1.0,High,65.0,0.0
3531,81956,City Hotel,2016-08-05,1,41,65.0,1.0,High,65.0,0.0
3532,81957,City Hotel,2016-08-05,1,41,65.0,1.0,High,65.0,0.0
3533,81958,City Hotel,2016-08-05,1,41,65.0,1.0,High,65.0,0.0
3534,81959,City Hotel,2016-08-05,1,41,65.0,1.0,High,65.0,0.0
3535,81960,City Hotel,2016-08-05,1,41,65.0,1.0,High,65.0,0.0
3536,81961,City Hotel,2016-08-05,1,41,65.0,1.0,High,65.0,0.0
3537,81962,City Hotel,2016-08-05,1,41,65.0,1.0,High,65.0,0.0
3538,81963,City Hotel,2016-08-05,1,41,65.0,1.0,High,65.0,0.0
3539,81964,City Hotel,2016-08-05,1,41,65.0,1.0,High,65.0,0.0
3540,81965,City Hotel,2016-08-05,1,41,65.0,1.0,High,65.0,0.0
3541,81966,City Hotel,2016-08-05,1,41,65.0,1.0,High,65.0,0.0
3542,81967,City Hotel,2016-08-05,1,41,65.0,1.0,High,65.0,0.0
3543,81968,City Hotel,2016-08-05,1,41,65.0,1.0,High,65.0,0.0
3544,81969,City Hotel,2016-03-20,2,22,70.0,1.0,High,140.0,0.0
3545,81970,City Hotel,2016-03-20,2,22,70.0,1.0,High,140.0,0.0
3546,81971,City Hotel,2016-03-20,2,22,70.0,1.0,High,140.0,0.0
3547,81972,City Hotel,2016-03-20,2,22,70.0,1.0,High,140.0,0.0
3548,81973,City Hotel,2016-03-20,2,22,70.0,1.0,High,140.0,0.0
3549,81974,City Hotel,2016-03-20,2,22,70.0,1.0,High,140.0,0.0
3550,81975,City Hotel,2016-03-20,2,22,70.0,1.0,High,140.0,0.0
3551,81976,City Hotel,2016-03-20,2,22,70.0,1.0,High,140.0,0.0
3552,81977,City Hotel,2016-03-20,2,22,70.0,1.0,High,140.0,0.0
3553,81978,City Hotel,2016-03-20,2,22,70.0,1.0,High,140.0,0.0
3554,81979,City Hotel,2016-03-20,2,22,70.0,1.0,High,140.0,0.0
3555,81980,City Hotel,2016-03-20,2,22,70.0,1.0,High,140.0,0.0
3556,81981,City Hotel,2016-03-20,2,22,70.0,1.0,High,140.0,0.0
3557,81982,City Hotel,2016-03-20,2,22,70.0,1.0,High,140.0,0.0
3558,81983,City Hotel,2016-03-20,2,22,70.0,1.0,High,140.0,0.0
3559,81984,City Hotel,2016-03-20,2,22,70.0,1.0,High,140.0,0.0
3560,81985,City Hotel,2016-03-20,2,22,70.0,1.0,High,140.0,0.0
3561,81986,City Hotel,2016-03-20,2,22,70.0,1.0,High,140.0,0.0
3562,81987,City Hotel,2016-03-20,2,22,70.0,1.0,High,140.0,0.0
3563,81988,City Hotel,2016-03-20,2,22,70.0,1.0,High,140.0,0.0
3564,81989,City Hotel,2016-03-20,2,22,70.0,1.0,High,140.0,0.0
3565,81990,City Hotel,2016-03-20,2,22,70.0,1.0,High,140.0,0.0
3566,81991,City Hotel,2016-03-20,2,22,70.0,1.0,High,140.0,0.0
3567,81992,City Hotel,2016-03-20,2,22,70.0,1.0,High,140.0,0.0
3568,81993,City Hotel,2016-03-20,2,22,70.0,1.0,High,140.0,0.0
3569,81994,City Hotel,2016-03-20,2,22,70.0,1.0,High,140.0,0.0
3570,81995,City Hotel,2016-03-20,2,22,70.0,1.0,High,140.0,0.0
3571,81996,City Hotel,2016-03-20,2,22,70.0,1.0,High,140.0,0.0
3572,81997,City Hotel,2016-03-20,2,22,70.0,1.0,High,140.0,0.0
3573,81998,City Hotel,2016-03-20,2,22,70.0,1.0,High,140.0,0.0
3574,81999,City Hotel,2016-03-20,2,22,70.0,1.0,High,140.0,0.0
3575,82000,City Hotel,2016-03-20,2,22,70.0,1.0,High,140.0,0.0
3576,82001,City Hotel,2016-03-20,2,22,70.0,1.0,High,140.0,0.0
3577,82002,City Hotel,2016-03-20,2,22,70.0,1.0,High,140.0,0.0
3578,82003,City Hotel,2016-03-20,2,22,70.0,1.0,High,140.0,0.0
3579,82004,City Hotel,2016-03-20,2,22,70.0,1.0,High,140.0,0.0
3580,82005,City Hotel,2016-03-20,2,22,70.0,1.0,High,140.0,0.0
3581,82006,City Hotel,2016-03-20,2,22,70.0,1.0,High,140.0,0.0
3582,82007,City Hotel,2016-03-20,2,22,70.0,1.0,High,140.0,0.0
3583,82008,City Hotel,2016-03-20,2,22,70.0,1.0,High,140.0,0.0
3584,82009,City Hotel,2016-03-20,2,22,70.0,1.0,High,140.0,0.0
3585,82010,City Hotel,2016-03-20,2,22,70.0,1.0,High,140.0,0.0
3586,82011,City Hotel,2016-03-20,2,22,70.0,1.0,High,140.0,0.0
3587,82012,City Hotel,2016-03-20,2,22,70.0,1.0,High,140.0,0.0
3588,82013,City Hotel,2016-03-20,2,22,70.0,1.0,High,140.0,0.0
3589,82014,City Hotel,2016-03-20,2,22,70.0,1.0,High,140.0,0.0
3590,82015,City Hotel,2016-03-20,2,22,70.0,1.0,High,140.0,0.0
3591,82016,City Hotel,2016-03-20,2,22,70.0,1.0,High,140.0,0.0
3592,82017,City Hotel,2016-03-20,2,22,70.0,1.0,High,140.0,0.0
3593,82018,City Hotel,2016-03-20,2,22,70.0,1.0,High,140.0,0.0
3594,82019,City Hotel,2016-10-01,2,17,100.0,1.0,High,200.0,0.0
3595,82020,City Hotel,2016-10-01,2,17,100.0,1.0,High,200.0,0.0
3596,82021,City Hotel,2016-10-01,2,17,100.0,1.0,High,200.0,0.0
3597,82022,City Hotel,2016-10-01,2,17,100.0,1.0,High,200.0,0.0
3598,82023,City Hotel,2016-10-01,2,17,100.0,1.0,High,200.0,0.0
3599,82024,City Hotel,2016-10-01,2,17,100.0,1.0,High,200.0,0.0
3600,82025,City Hotel,2016-10-01,2,17,100.0,1.0,High,200.0,0.0
3601,82026,City Hotel,2016-10-01,2,17,100.0,1.0,High,200.0,0.0
3602,82027,City Hotel,2016-10-01,2,17,100.0,1.0,High,200.0,0.0
3603,82028,City Hotel,2016-10-01,2,17,100.0,1.0,High,200.0,0.0
3604,82029,City Hotel,2016-10-01,2,17,100.0,1.0,High,200.0,0.0
3605,82030,City Hotel,2016-10-01,2,17,100.0,1.0,High,200.0,0.0
3606,82031,City Hotel,2016-10-01,2,17,100.0,1.0,High,200.0,0.0
3607,82032,City Hotel,2016-10-01,2,17,100.0,1.0,High,200.0,0.0
3608,82033,City Hotel,2016-10-01,2,17,100.0,1.0,High,200.0,0.0
3609,82034,City Hotel,2016-10-01,2,17,100.0,1.0,High,200.0,0.0
3610,82035,City Hotel,2016-10-01,2,17,100.0,1.0,High,200.0,0.0
3611,82036,City Hotel,2016-10-01,2,17,100.0,1.0,High,200.0,0.0
3612,82037,City Hotel,2016-10-01,2,17,100.0,1.0,High,200.0,0.0
3613,82038,City Hotel,2016-10-01,2,17,100.0,1.0,High,200.0,0.0
3614,82039,City Hotel,2016-10-01,2,17,100.0,1.0,High,200.0,0.0
3615,82040,City Hotel,2016-10-01,2,17,100.0,1.0,High,200.0,0.0
3616,82041,City Hotel,2016-10-01,2,17,100.0,1.0,High,200.0,0.0
3617,82042,City Hotel,2016-10-01,2,17,100.0,1.0,High,200.0,0.0
3618,82043,City Hotel,2016-10-01,2,17,100.0,1.0,High,200.0,0.0
3619,82210,City Hotel,2016-09-09,3,56,90.0,1.0,High,270.0,0.0
3620,82211,City Hotel,2016-09-09,3,56,90.0,1.0,High,270.0,0.0
3621,82212,City Hotel,2016-09-09,3,56,90.0,1.0,High,270.0,0.0
3622,82213,City Hotel,2016-09-09,3,56,90.0,1.0,High,270.0,0.0
3623,82214,City Hotel,2016-09-09,3,56,90.0,1.0,High,270.0,0.0
3624,82215,City Hotel,2016-09-09,3,56,90.0,1.0,High,270.0,0.0
3625,82216,City Hotel,2016-09-09,3,56,90.0,1.0,High,270.0,0.0
3626,82217,City Hotel,2016-09-09,3,56,90.0,1.0,High,270.0,0.0
3627,82218,City Hotel,2016-09-09,3,56,90.0,1.0,High,270.0,0.0
3628,82219,City Hotel,2016-09-09,3,56,90.0,1.0,High,270.0,0.0
3629,82220,City Hotel,2016-09-09,3,56,90.0,1.0,High,270.0,0.0
3630,82221,City Hotel,2016-09-09,3,56,90.0,1.0,High,270.0,0.0
3631,82222,City Hotel,2016-09-09,3,56,90.0,1.0,High,270.0,0.0
3632,82227,City Hotel,2016-06-02,3,41,65.0,1.0,High,195.0,0.0
3633,82228,City Hotel,2016-06-02,3,41,65.0,1.0,High,195.0,0.0
3634,82229,City Hotel,2016-06-02,3,41,65.0,1.0,High,195.0,0.0
3635,82230,City Hotel,2016-06-02,3,41,65.0,1.0,High,195.0,0.0
3636,82231,City Hotel,2016-06-02,3,41,65.0,1.0,High,195.0,0.0
3637,82232,City Hotel,2016-06-02,3,41,65.0,1.0,High,195.0,0.0
3638,82233,City Hotel,2016-06-02,3,41,65.0,1.0,High,195.0,0.0
3639,82234,City Hotel,2016-06-02,3,41,65.0,1.0,High,195.0,0.0
3640,82235,City Hotel,2016-06-02,3,41,65.0,1.0,High,195.0,0.0
3641,82236,City Hotel,2016-06-02,3,41,65.0,1.0,High,195.0,0.0
3642,82339,City Hotel,2016-03-04,2,28,80.0,1.0,High,160.0,0.0
3643,82340,City Hotel,2016-03-04,2,28,80.0,1.0,High,160.0,0.0
3644,82341,City Hotel,2016-03-04,2,28,80.0,1.0,High,160.0,0.0
3645,82342,City Hotel,2016-03-04,2,28,80.0,1.0,High,160.0,0.0
3646,82343,City Hotel,2016-03-04,2,28,80.0,1.0,High,160.0,0.0
3647,82344,City Hotel,2016-03-04,2,28,80.0,1.0,High,160.0,0.0
3648,82345,City Hotel,2016-03-04,2,28,80.0,1.0,High,160.0,0.0
3649,82346,City Hotel,2016-03-04,2,28,80.0,1.0,High,160.0,0.0
3650,82347,City Hotel,2016-03-04,2,28,80.0,1.0,High,160.0,0.0
3651,82348,City Hotel,2016-03-04,2,28,80.0,1.0,High,160.0,0.0
3652,82349,City Hotel,2016-03-04,2,28,80.0,1.0,High,160.0,0.0
3653,82350,City Hotel,2016-03-04,2,28,80.0,1.0,High,160.0,0.0
3654,82351,City Hotel,2016-03-04,2,28,80.0,1.0,High,160.0,0.0
3655,82352,City Hotel,2016-03-04,2,28,80.0,1.0,High,160.0,0.0
3656,82353,City Hotel,2016-03-04,2,28,80.0,1.0,High,160.0,0.0
3657,82354,City Hotel,2016-03-04,2,28,80.0,1.0,High,160.0,0.0
3658,82355,City Hotel,2016-03-04,2,28,80.0,1.0,High,160.0,0.0
3659,82356,City Hotel,2016-03-04,2,28,80.0,1.0,High,160.0,0.0
3660,82357,City Hotel,2016-03-04,2,28,80.0,1.0,High,160.0,0.0
3661,82358,City Hotel,2016-03-04,2,28,80.0,1.0,High,160.0,0.0
3662,82359,City Hotel,2016-03-04,2,28,80.0,1.0,High,160.0,0.0
3663,82360,City Hotel,2016-03-04,2,28,80.0,1.0,High,160.0,0.0
3664,82361,City Hotel,2016-03-04,2,28,80.0,1.0,High,160.0,0.0
3665,82362,City Hotel,2016-03-04,2,28,80.0,1.0,High,160.0,0.0
3666,82363,City Hotel,2016-03-04,2,28,80.0,1.0,High,160.0,0.0
